aX,aY,aZ,gX,gY,gZ
0.787,-0.942,1.569,-211.792,-100.281,-48.828
0.772,-0.998,1.732,-265.869,-86.060,-44.617
0.835,-1.031,1.748,-304.993,-56.152,-26.917
0.730,-1.014,1.764,-300.537,-20.691,-9.277
0.691,-1.036,1.795,-251.404,10.315,9.216
0.641,-1.088,1.794,-180.298,34.607,33.630
0.580,-1.129,1.733,-104.919,62.012,68.848
0.535,-1.087,1.572,-39.551,90.393,111.328
0.472,-0.927,1.386,11.536,116.821,159.241
0.447,-0.744,1.155,48.767,131.470,204.468
0.332,-0.439,0.897,76.904,137.695,236.938
0.168,-0.115,0.735,100.891,147.095,265.503
0.070,0.167,0.598,116.394,139.221,286.255
0.038,0.374,0.568,120.850,119.385,300.903
-0.132,0.133,0.501,106.445,95.215,324.585
0.040,0.618,0.359,64.575,67.688,306.641
-0.008,0.690,0.370,29.541,39.368,264.526
-0.080,0.710,0.423,-4.639,17.883,220.764
-0.193,0.696,0.467,-50.415,11.414,182.739
-0.324,0.730,0.490,-104.004,7.446,162.476
-0.414,0.832,0.460,-151.611,1.465,158.386
-0.435,0.987,0.427,-177.429,-1.404,159.973
-0.446,1.128,0.419,-174.072,-10.071,158.386
-0.449,1.224,0.504,-149.780,-19.714,147.766
-0.460,1.265,0.621,-122.681,-27.893,131.775
-0.427,1.275,0.715,-103.760,-24.170,117.859
-0.430,1.308,0.736,-91.675,-5.981,105.652
-0.380,1.291,0.702,-83.435,15.503,93.994
-0.500,1.348,0.680,-74.463,28.381,84.656
-0.409,1.443,0.666,-62.988,37.781,77.637
-0.397,1.516,0.721,-49.011,33.569,73.853
-0.322,1.567,0.801,-42.053,26.428,65.674
-0.227,1.558,0.888,-45.654,20.813,54.321
-0.123,1.526,0.956,-62.317,21.118,37.109
-0.038,1.465,0.998,-89.294,29.175,16.235
-0.012,1.399,0.981,-120.789,39.124,-4.822
0.053,1.327,0.908,-151.611,48.584,-21.118
0.015,1.277,0.811,-175.537,49.377,-31.189
0.038,1.243,0.717,-187.561,49.194,-37.354
0.089,1.209,0.637,-183.594,48.645,-41.443
0.129,1.164,0.582,-165.100,46.997,-47.241
0.155,1.097,0.576,-139.404,44.556,-54.260
0.167,1.019,0.596,-116.882,43.030,-59.387
0.149,1.028,0.567,-106.995,46.326,-62.744
0.293,0.893,0.581,-106.628,52.551,-66.589
0.276,0.807,0.587,-118.896,47.974,-72.815
0.263,0.743,0.521,-142.639,51.208,-79.407
0.250,0.670,0.437,-162.842,58.105,-82.825
0.250,0.609,0.327,-171.936,66.650,-84.534
0.191,0.564,0.205,-168.152,71.228,-85.632
0.239,0.490,0.079,-151.306,75.317,-85.266
0.184,0.438,-0.011,-126.221,71.777,-82.825
0.162,0.407,-0.097,-102.478,63.171,-76.294
0.172,0.387,-0.136,-81.116,48.889,-65.552
0.117,0.377,-0.111,-63.538,28.625,-52.979
0.112,0.422,-0.104,-54.688,15.503,-36.499
0.126,0.498,-0.115,-46.875,10.681,-23.376
0.114,0.561,-0.107,-30.518,8.179,-19.348
0.086,0.587,-0.079,-8.423,6.836,-22.217
0.054,0.609,-0.071,11.902,8.362,-25.391
0.067,0.640,-0.075,27.771,10.254,-27.283
0.043,0.626,-0.035,39.124,2.991,-27.588
0.029,0.641,-0.001,38.025,-2.869,-24.658
0.011,0.699,0.016,23.987,-4.883,-18.860
-0.016,0.796,0.034,4.456,-9.583,-14.160
-0.056,0.912,0.044,-15.076,-17.212,-11.902
-0.098,1.021,0.055,-30.823,-24.414,-12.817
-0.132,1.108,0.068,-40.955,-31.616,-16.235
-0.132,1.177,0.060,-48.523,-38.025,-21.057
-0.123,1.218,0.048,-54.871,-43.396,-27.344
-0.116,1.250,0.040,-59.998,-48.950,-35.645
-0.115,1.276,0.036,-64.636,-53.833,-44.312
-0.108,1.304,0.031,-67.932,-58.594,-51.392
-0.099,1.337,0.030,-67.627,-63.171,-56.885
-0.080,1.361,0.033,-61.951,-66.956,-63.538
-0.049,1.367,0.041,-51.636,-68.909,-71.655
-0.010,1.346,0.050,-39.124,-69.641,-81.787
0.023,1.307,0.059,-28.442,-68.787,-92.468
0.054,1.265,0.063,-22.522,-68.176,-102.295
0.107,1.210,0.061,-21.790,-68.481,-111.145
0.150,1.138,0.064,-25.818,-70.190,-121.094
0.183,1.062,0.085,-34.607,-71.960,-130.981
0.224,1.001,0.078,-47.241,-74.280,-139.343
0.269,0.939,0.078,-57.678,-77.942,-148.499
0.322,0.851,0.091,-62.134,-84.045,-157.776
0.390,0.727,0.135,-63.904,-91.309,-166.260
0.463,0.576,0.200,-70.007,-99.915,-172.058
0.532,0.432,0.244,-84.595,-106.323,-174.316
0.621,0.297,0.273,-104.248,-109.192,-172.058
0.672,0.149,0.318,-122.925,-114.502,-166.809
0.687,0.040,0.370,-140.747,-120.422,-156.128
0.810,-0.004,0.404,-153.931,-122.131,-140.808
0.767,-0.086,0.443,-154.175,-129.639,-124.146
0.734,-0.109,0.505,-142.151,-134.399,-108.887
0.751,-0.145,0.569,-118.591,-128.418,-91.492
0.736,-0.157,0.648,-88.440,-123.169,-73.303
0.712,-0.149,0.735,-55.664,-117.065,-52.734
0.684,-0.138,0.814,-26.123,-106.812,-28.809
0.696,-0.083,0.843,-4.028,-92.102,-6.470
0.677,-0.052,0.879,13.733,-78.552,8.545
0.652,-0.026,0.891,23.621,-67.261,18.250
0.626,0.027,0.836,22.705,-51.758,23.865
0.575,0.013,0.780,20.325,-38.940,25.024
0.544,-0.027,0.705,18.066,-27.649,26.550
0.510,-0.059,0.577,12.085,-12.390,29.663
0.501,-0.049,0.446,10.315,0.732,33.936
0.511,-0.050,0.323,16.357,6.897,41.504
0.509,-0.035,0.220,25.391,4.028,52.124
0.529,-0.020,0.149,35.645,-5.554,63.904
0.518,-0.003,0.104,44.006,-18.982,75.745
0.528,0.014,0.085,46.204,-33.264,86.182
0.491,0.047,0.090,42.786,-44.373,91.919
0.468,0.068,0.081,34.729,-51.025,96.436
0.428,0.119,0.057,24.414,-54.138,98.999
0.418,0.160,0.015,17.090,-57.434,102.905
0.388,0.199,-0.011,15.381,-61.829,107.910
0.369,0.238,-0.017,18.372,-69.458,111.511
0.320,0.292,0.009,21.973,-78.552,116.089
0.304,0.350,0.046,22.583,-90.149,123.047
0.062,1.757,0.966,74.829,-72.754,83.130
0.078,1.728,1.049,79.590,-57.800,53.284
0.071,1.662,1.122,83.557,-41.077,24.841
0.065,1.568,1.158,88.074,-25.818,1.282
0.080,1.459,1.172,94.238,-12.695,-16.785
0.125,1.333,1.181,102.051,-1.709,-30.212
0.175,1.209,1.188,106.628,4.211,-38.452
0.211,1.113,1.188,103.149,7.019,-41.931
0.235,1.029,1.176,92.773,8.545,-41.992
0.282,0.959,1.160,76.599,10.620,-40.100
0.295,0.909,1.135,59.875,10.010,-38.879
0.278,0.863,1.119,46.814,9.949,-39.063
0.267,0.814,1.093,38.208,10.498,-38.391
0.262,0.762,1.063,33.447,13.245,-36.377
0.250,0.716,1.023,31.494,17.944,-33.081
0.235,0.678,0.974,31.494,23.132,-28.625
0.230,0.650,0.932,32.532,28.198,-23.987
0.219,0.627,0.892,32.837,30.151,-19.836
0.204,0.611,0.853,31.311,30.212,-16.541
0.202,0.595,0.817,28.687,31.311,-12.756
0.203,0.589,0.782,25.513,32.227,-8.362
0.204,0.592,0.747,21.912,31.067,-4.944
0.202,0.593,0.722,18.982,28.625,-2.258
0.206,0.599,0.693,16.235,26.550,-0.366
0.205,0.608,0.673,13.733,25.391,2.136
0.201,0.623,0.656,12.207,23.560,4.578
0.201,0.632,0.650,11.780,21.240,5.615
0.192,0.641,0.645,12.390,18.555,5.310
0.184,0.655,0.638,13.184,18.982,5.371
0.190,0.666,0.623,13.733,22.034,5.676
0.193,0.674,0.610,14.160,23.315,4.272
0.194,0.671,0.606,14.648,21.790,1.770
0.199,0.664,0.607,13.428,18.616,-0.366
0.201,0.648,0.620,11.108,15.198,-1.526
0.205,0.641,0.622,6.836,12.146,-1.465
0.216,0.646,0.624,1.648,10.559,-0.610
0.226,0.649,0.626,-3.113,7.263,0.488
0.229,0.650,0.639,-6.653,2.747,0.183
0.233,0.647,0.656,-8.850,-0.183,-0.244
0.227,0.654,0.674,-10.620,-1.770,-0.549
0.220,0.665,0.684,-11.658,-1.587,-0.488
0.232,0.670,0.686,-10.803,0.916,-0.488
0.239,0.667,0.686,-7.874,3.357,-1.221
0.238,0.663,0.690,-3.479,5.066,-2.197
0.236,0.656,0.696,0.244,6.104,-3.174
0.229,0.658,0.692,2.930,7.141,-2.869
0.233,0.661,0.678,5.005,9.155,-2.136
0.237,0.657,0.680,6.897,8.972,-2.563
0.243,0.644,0.697,7.263,5.005,-3.662
0.251,0.628,0.722,4.761,0.793,-4.395
0.259,0.617,0.747,-0.732,-2.441,-4.456
0.256,0.615,0.764,-6.897,-3.723,-3.967
0.250,0.621,0.767,-11.719,-3.113,-2.869
0.249,0.628,0.760,-13.367,-0.854,-1.770
0.243,0.633,0.751,-11.902,1.221,-1.221
0.239,0.638,0.743,-8.301,3.235,-0.549
0.238,0.646,0.731,-4.333,5.432,0.488
0.240,0.651,0.720,-0.427,8.057,1.099
0.234,0.656,0.712,2.625,10.071,0.427
0.231,0.658,0.702,4.700,11.597,-0.427
0.233,0.660,0.686,5.432,13.367,-1.160
0.240,0.652,0.669,5.737,14.832,-2.319
0.246,0.640,0.653,4.700,14.587,-4.395
0.252,0.626,0.643,3.052,12.878,-5.981
0.257,0.613,0.642,0.671,10.254,-6.592
0.261,0.603,0.641,-1.953,7.446,-5.859
0.260,0.602,0.647,-4.578,5.493,-4.700
0.263,0.602,0.650,-6.775,3.784,-3.235
0.258,0.609,0.658,-7.324,2.686,-2.380
0.259,0.613,0.664,-6.348,1.892,-1.709
0.258,0.616,0.670,-4.333,1.587,-1.160
0.257,0.620,0.673,-2.502,1.892,-0.610
0.259,0.623,0.674,-1.160,2.197,-0.366
0.258,0.626,0.674,-0.549,2.441,-0.366
0.262,0.625,0.675,0.000,2.380,-0.244
0.261,0.625,0.681,-0.305,1.709,-0.488
0.256,0.630,0.688,-1.404,0.793,-0.305
0.254,0.638,0.692,-2.258,0.916,0.122
0.255,0.642,0.691,-2.930,1.160,0.061
0.257,0.639,0.693,-2.319,1.343,-0.549
0.261,0.630,0.694,-1.343,1.465,-1.099
0.262,0.622,0.693,-1.282,1.892,-1.160
0.263,0.619,0.689,-2.014,2.625,-0.671
0.256,0.624,0.683,-2.869,3.113,0.183
0.247,0.637,0.677,-3.296,3.418,1.160
0.244,0.652,0.674,-2.502,3.296,1.648
0.246,0.658,0.678,-1.099,2.441,1.343
0.251,0.656,0.686,-0.244,1.465,0.061
0.259,0.648,0.690,-0.488,1.404,-1.221
0.266,0.635,0.691,-1.831,1.892,-2.136
0.269,0.620,0.688,-3.723,2.441,-2.991
0.267,0.610,0.684,-4.883,2.930,-2.930
0.265,0.609,0.677,-4.944,2.930,-1.648
0.259,0.618,0.675,-3.479,2.747,0.061
0.251,0.633,0.677,-1.221,2.747,2.319
0.247,0.650,0.681,1.587,2.808,4.028
0.239,0.666,0.689,3.967,2.991,4.272
0.237,0.677,0.693,5.371,3.601,3.723
0.239,0.683,0.691,5.188,4.761,2.258
0.240,0.681,0.688,4.272,5.981,0.183
0.244,0.672,0.681,2.563,6.531,-1.465
0.251,0.658,0.672,0.427,6.897,-3.052
0.254,0.643,0.662,-1.404,6.775,-4.517
0.254,0.636,0.657,-2.625,5.981,-4.822
0.258,0.635,0.654,-2.869,5.066,-4.333
0.258,0.640,0.661,-1.953,3.967,-3.540
0.252,0.656,0.671,-0.244,3.357,-2.563
0.251,0.673,0.681,1.648,3.601,-2.014
0.254,0.684,0.685,3.784,5.127,-2.747
0.252,0.695,0.678,5.737,8.484,-4.272
0.247,0.708,0.664,7.324,13.184,-6.042
0.254,0.716,0.646,9.766,17.334,-8.240
0.251,0.717,0.636,13.794,20.142,-12.024
0.267,0.702,0.634,18.494,21.973,-16.663
0.277,0.686,0.635,22.827,23.132,-21.484
0.291,0.666,0.637,26.550,24.597,-25.269
0.301,0.644,0.635,30.396,27.222,-28.259
0.313,0.617,0.636,34.790,30.212,-29.663
0.319,0.586,0.641,39.978,32.959,-29.968
0.715,-0.616,1.533,-30.518,-33.569,-34.180
0.724,-0.720,1.642,-49.316,-26.367,-22.705
0.683,-0.758,1.734,-60.120,-13.611,-6.470
0.628,-0.792,1.777,-62.561,6.653,20.325
0.591,-0.759,1.749,-58.533,31.555,53.650
0.526,-0.678,1.658,-44.495,58.899,87.830
0.478,-0.557,1.520,-19.409,87.708,118.958
0.462,-0.436,1.366,14.038,113.281,143.860
0.428,-0.315,1.211,49.438,131.042,163.025
0.386,-0.183,1.049,77.332,145.386,177.246
0.336,-0.061,0.899,92.651,157.715,188.721
0.301,0.056,0.784,95.093,166.565,197.693
0.206,0.166,0.682,85.022,165.894,208.191
0.121,0.293,0.602,66.711,158.203,222.168
0.039,0.400,0.512,42.908,144.836,238.098
-0.017,0.698,0.412,20.996,114.990,238.647
-0.151,0.932,0.459,16.479,83.984,232.544
-0.315,1.149,0.564,13.123,58.716,227.844
-0.377,1.318,0.648,4.395,46.814,227.600
-0.390,1.482,0.693,-5.005,49.072,219.543
-0.426,1.599,0.667,-8.911,70.007,196.594
-0.401,1.582,0.572,-4.578,96.008,165.161
-0.354,1.482,0.445,3.662,115.906,127.991
-0.337,1.339,0.319,11.597,124.146,94.910
-0.346,1.226,0.218,17.090,122.986,75.867
-0.390,1.210,0.144,21.729,111.389,73.914
-0.383,1.269,0.137,29.419,90.393,83.618
-0.385,1.389,0.207,39.734,63.416,95.459
-0.363,1.520,0.324,45.410,41.687,102.783
-0.328,1.640,0.434,42.175,25.696,101.196
-0.258,1.728,0.545,31.677,16.479,89.294
-0.208,1.779,0.651,16.296,13.184,70.984
-0.161,1.799,0.733,0.244,13.672,50.720
-0.115,1.789,0.799,-11.902,15.869,31.860
-0.076,1.757,0.864,-18.250,17.883,15.564
-0.041,1.714,0.932,-20.569,20.020,2.625
-0.004,1.655,0.995,-21.851,21.729,-7.446
0.056,1.571,1.047,-23.560,24.170,-18.005
0.107,1.466,1.097,-28.625,26.062,-29.236
0.148,1.309,1.161,-40.039,25.452,-40.527
0.151,1.150,1.187,-60.608,24.231,-50.537
0.171,1.026,1.154,-85.999,31.189,-57.068
0.214,0.907,1.082,-106.995,42.297,-60.913
0.273,0.803,0.996,-117.371,49.377,-62.012
0.321,0.697,0.933,-117.126,53.284,-59.082
0.331,0.599,0.897,-111.389,54.504,-52.429
0.306,0.527,0.856,-106.567,57.983,-42.786
0.238,0.507,0.790,-105.225,66.223,-31.860
0.159,0.538,0.683,-104.614,77.393,-21.973
0.102,0.590,0.537,-99.609,88.562,-15.747
0.067,0.614,0.404,-86.365,97.961,-16.113
0.061,0.602,0.297,-67.444,103.333,-22.827
0.071,0.553,0.209,-49.377,100.708,-33.691
0.093,0.458,0.145,-37.659,88.867,-44.983
0.106,0.355,0.105,-35.034,75.806,-54.138
0.148,0.264,0.079,-42.542,64.026,-60.608
0.113,0.209,0.083,-54.565,52.490,-61.340
0.146,0.162,0.071,-66.772,39.001,-56.091
0.150,0.148,0.080,-72.449,26.733,-49.927
0.157,0.154,0.100,-69.336,18.799,-42.175
0.126,0.195,0.137,-59.387,10.437,-32.288
0.093,0.271,0.162,-45.715,6.531,-19.470
0.093,0.371,0.171,-29.480,6.042,-5.859
0.060,0.487,0.185,-12.329,4.700,3.113
0.042,0.600,0.198,2.380,4.700,10.010
0.062,0.687,0.191,12.512,5.249,13.000
0.058,0.776,0.163,18.127,7.690,10.315
0.076,0.831,0.112,20.752,10.132,5.310
0.089,0.860,0.068,21.545,8.911,0.183
0.072,0.902,0.024,20.691,5.310,-2.686
0.073,0.962,-0.026,19.531,-0.061,-2.319
0.070,1.038,-0.054,20.874,-9.277,-0.549
0.060,1.125,-0.052,23.865,-22.278,2.563
0.047,1.224,-0.023,24.963,-34.729,5.188
0.033,1.320,0.016,22.461,-46.936,4.761
0.032,1.411,0.060,17.761,-56.458,-0.916
0.041,1.459,0.109,12.634,-63.904,-13.611
0.057,1.467,0.145,6.714,-66.895,-33.936
0.078,1.429,0.168,0.061,-64.575,-57.678
0.095,1.361,0.175,-7.507,-61.584,-80.994
0.115,1.263,0.177,-15.991,-61.279,-100.830
0.149,1.156,0.181,-24.719,-64.880,-115.662
0.184,1.049,0.203,-32.349,-71.594,-125.366
0.219,0.954,0.244,-38.330,-80.505,-131.714
0.263,0.864,0.309,-42.603,-90.210,-135.620
0.313,0.773,0.402,-45.166,-98.999,-137.756
0.358,0.682,0.511,-47.302,-106.689,-139.160
0.396,0.599,0.617,-50.354,-112.305,-139.465
0.442,0.508,0.705,-53.650,-113.831,-138.855
0.483,0.415,0.757,-56.091,-112.122,-137.390
0.505,0.316,0.793,-57.190,-107.361,-134.277
0.517,0.228,0.819,-56.519,-97.839,-128.662
0.504,0.158,0.837,-53.650,-87.524,-120.422
0.501,0.108,0.838,-47.913,-79.529,-109.802
0.523,0.058,0.842,-37.354,-73.242,-99.365
0.553,0.003,0.864,-23.987,-69.824,-90.576
0.563,-0.046,0.902,-11.841,-68.848,-82.581
0.560,-0.067,0.938,-5.554,-66.528,-73.608
0.566,-0.077,0.953,-3.357,-59.082,-62.683
0.562,-0.073,0.940,-2.319,-45.776,-52.551
0.555,-0.068,0.900,0.916,-30.884,-45.654
0.515,-0.074,0.846,7.568,-17.822,-41.077
0.500,-0.084,0.771,14.893,-6.348,-36.743
0.487,-0.102,0.694,21.851,3.723,-32.410
0.461,-0.127,0.602,26.917,10.559,-27.710
0.445,-0.143,0.497,28.931,16.357,-22.278
0.425,-0.144,0.375,29.236,22.888,-16.907
0.420,-0.142,0.241,30.762,27.771,-10.803
0.413,-0.138,0.099,34.424,26.917,-4.822
0.419,-0.142,-0.035,40.466,15.991,0.549
0.426,-0.151,-0.114,47.729,1.404,6.531
0.430,-0.162,-0.161,52.429,-15.503,13.123
0.404,-0.148,-0.175,52.185,-33.386,21.790
0.384,-0.113,-0.178,46.814,-49.744,33.447
0.351,-0.054,-0.167,39.673,-65.735,46.875
0.320,0.028,-0.151,34.424,-80.505,59.509
0.295,0.122,-0.120,34.973,-93.872,68.787
0.278,0.194,-0.061,42.480,-106.323,73.792
0.262,0.255,0.015,51.941,-115.845,76.233
0.057,0.998,1.639,62.073,-174.866,40.344
0.059,1.034,1.793,60.059,-155.640,29.602
0.122,1.029,1.905,60.974,-130.127,12.634
0.186,0.947,1.984,64.331,-102.539,-8.057
0.118,0.831,2.023,64.697,-75.562,-23.560
0.196,0.753,2.023,61.768,-43.030,-33.752
0.207,0.681,1.962,61.523,-13.184,-40.588
0.251,0.601,1.861,65.002,13.367,-44.006
0.283,0.516,1.748,71.533,35.828,-44.800
0.303,0.437,1.636,77.332,51.270,-43.152
0.313,0.364,1.537,79.529,58.899,-39.368
0.310,0.314,1.478,76.782,58.167,-33.691
0.297,0.282,1.449,68.909,50.110,-26.123
0.300,0.260,1.441,56.885,39.734,-17.639
0.304,0.250,1.440,42.297,31.860,-10.254
0.298,0.246,1.427,26.306,28.076,-4.456
0.278,0.254,1.384,10.498,28.381,-0.122
0.249,0.277,1.311,-2.869,31.921,4.333
0.223,0.306,1.219,-11.353,36.987,8.362
0.206,0.331,1.124,-13.550,41.443,11.169
0.194,0.348,1.044,-11.108,44.556,12.634
0.188,0.352,0.970,-6.714,46.753,13.794
0.183,0.364,0.895,-2.869,48.828,13.977
0.177,0.382,0.824,-0.488,50.110,13.672
0.185,0.390,0.758,1.648,49.744,12.268
0.200,0.383,0.704,4.028,46.387,8.972
0.208,0.363,0.660,5.981,42.114,3.845
0.216,0.327,0.633,6.348,38.452,-0.732
0.219,0.292,0.612,4.333,34.119,-3.967
0.223,0.266,0.598,0.122,28.931,-4.761
0.227,0.250,0.588,-4.822,21.973,-3.784
0.233,0.244,0.590,-8.362,14.343,-1.892
0.235,0.246,0.606,-9.460,6.531,0.061
0.226,0.262,0.638,-9.094,0.305,2.991
0.217,0.293,0.676,-7.751,-4.333,6.348
0.222,0.325,0.717,-5.432,-8.057,9.033
0.228,0.350,0.767,-1.709,-10.803,9.338
0.229,0.360,0.816,1.709,-12.695,7.629
0.233,0.361,0.860,3.967,-12.329,5.127
0.235,0.357,0.895,4.517,-10.803,3.357
0.241,0.352,0.920,3.967,-9.094,2.441
0.239,0.349,0.943,2.563,-8.606,2.380
0.233,0.353,0.963,1.038,-8.423,2.686
0.231,0.359,0.979,-0.122,-8.179,3.784
0.224,0.373,0.996,-0.854,-7.507,4.944
0.225,0.390,1.006,-1.282,-5.737,5.737
0.225,0.406,1.011,-1.587,-3.723,5.798
0.232,0.414,1.007,-1.648,-1.038,4.700
0.238,0.414,1.000,-1.648,1.648,2.808
0.242,0.407,0.982,-1.282,5.737,-0.061
0.247,0.390,0.952,-0.671,10.071,-2.075
0.247,0.373,0.922,-0.061,13.245,-3.906
0.249,0.358,0.896,0.671,14.587,-4.456
0.249,0.348,0.878,0.977,13.794,-4.211
0.251,0.345,0.865,0.610,13.123,-3.601
0.247,0.345,0.853,-0.183,13.489,-3.540
0.244,0.343,0.838,-0.488,14.282,-4.211
0.243,0.333,0.822,-0.366,15.015,-5.493
0.251,0.315,0.807,0.366,15.015,-7.324
0.252,0.293,0.797,1.099,13.489,-8.362
0.251,0.276,0.797,0.305,10.986,-7.935
0.250,0.265,0.798,-1.648,7.935,-6.531
0.248,0.266,0.807,-3.906,4.700,-4.456
0.250,0.270,0.820,-5.432,1.953,-2.380
0.255,0.275,0.834,-6.042,0.488,-1.343
0.254,0.279,0.846,-5.371,0.366,-1.160
0.255,0.278,0.849,-4.089,1.465,-1.221
0.256,0.275,0.846,-2.136,3.662,-1.221
0.263,0.269,0.836,-0.488,4.700,-1.099
0.277,0.258,0.828,0.793,4.883,-0.916
0.284,0.249,0.824,0.916,3.967,-0.854
0.294,0.243,0.826,-0.610,2.563,0.061
0.310,0.240,0.828,-2.991,1.038,1.709
0.309,0.246,0.833,-4.761,0.122,4.089
0.294,0.260,0.844,-4.822,-0.427,7.324
0.280,0.286,0.859,-2.869,-1.648,11.414
0.278,0.315,0.884,0.061,-3.540,15.686
0.270,0.350,0.916,2.808,-4.822,18.372
0.263,0.383,0.949,4.517,-4.578,19.470
0.269,0.406,0.972,4.211,-2.563,18.982
0.268,0.421,0.981,1.953,0.916,16.418
0.256,0.429,0.978,-1.160,5.310,12.756
0.239,0.432,0.961,-4.517,9.766,8.789
0.230,0.417,0.941,-6.287,12.512,5.127
0.219,0.386,0.939,-6.897,12.329,0.916
0.219,0.341,0.963,-7.690,8.789,-2.747
0.219,0.290,1.005,-10.193,3.235,-5.920
0.253,0.226,1.068,-14.709,-1.282,-9.033
0.285,0.149,1.131,-20.874,-8.423,-13.245
0.311,0.045,1.213,-28.381,-15.869,-17.517
0.345,-0.058,1.301,-38.391,-18.616,-20.813
0.397,-0.160,1.371,-49.622,-17.639,-21.484
0.457,-0.274,1.433,-61.646,-15.625,-20.020
0.507,-0.373,1.475,-75.134,-9.888,-16.479
0.626,-0.527,1.510,-91.736,-4.028,-11.536
0.687,-0.658,1.530,-113.953,-1.282,-8.301
0.713,-0.799,1.523,-140.625,7.080,-6.348
0.648,-0.801,1.490,-167.847,14.587,-3.601
0.612,-0.757,1.437,-184.387,24.231,-1.526
0.516,-0.721,1.402,-183.411,28.259,4.822
0.372,-0.641,1.387,-171.692,41.565,18.982
0.272,-0.534,1.341,-151.001,65.674,42.908
0.168,-0.382,1.241,-118.347,96.985,72.144
0.107,-0.201,1.092,-69.580,131.165,101.318
0.082,-0.027,0.914,-6.226,160.156,127.197
0.041,0.134,0.750,63.416,178.101,147.827
0.033,0.266,0.608,128.845,184.265,167.175
0.024,0.341,0.517,178.162,176.392,186.584
-0.016,0.432,0.533,199.768,172.119,209.229
-0.092,0.489,0.490,185.608,165.649,242.737
-0.107,0.665,0.376,145.386,154.053,265.869
-0.189,1.008,0.295,102.844,139.648,261.414
-0.248,1.183,0.269,75.928,120.422,246.521
-0.263,1.293,0.276,54.626,95.764,220.398
-0.257,1.350,0.316,32.104,71.655,186.646
-0.260,1.345,0.371,5.737,52.612,153.381
-0.254,1.309,0.422,-23.560,38.208,127.136
-0.248,1.281,0.470,-51.453,25.391,109.558
-0.235,1.266,0.513,-70.374,15.747,99.854
-0.054,1.573,0.927,8.789,0.916,33.020
0.000,1.542,1.032,3.784,-0.244,16.602
0.068,1.489,1.113,-9.338,1.892,1.587
0.127,1.434,1.171,-27.283,6.409,-10.315
0.159,1.375,1.219,-44.617,8.972,-18.982
0.175,1.314,1.260,-58.289,11.719,-25.024
0.170,1.254,1.294,-68.848,18.433,-28.748
0.163,1.203,1.295,-77.942,30.396,-31.433
0.144,1.169,1.269,-85.449,46.021,-33.020
0.108,1.153,1.203,-91.675,61.646,-34.912
0.096,1.127,1.106,-96.130,75.378,-39.124
0.098,1.068,1.002,-99.670,85.632,-46.936
0.108,0.979,0.908,-104.248,90.881,-57.556
0.123,0.859,0.826,-112.976,91.736,-67.993
0.144,0.732,0.749,-126.892,91.248,-76.050
0.154,0.615,0.667,-143.250,89.966,-80.078
0.165,0.516,0.570,-156.067,90.271,-80.261
0.162,0.458,0.469,-159.485,92.529,-77.820
0.161,0.366,0.380,-149.170,94.360,-77.026
0.147,0.285,0.302,-133.179,98.633,-74.951
0.137,0.235,0.194,-117.188,104.309,-67.261
0.129,0.208,0.053,-99.121,104.736,-56.824
0.134,0.218,-0.068,-76.721,98.877,-47.058
0.143,0.204,-0.129,-49.011,86.853,-40.466
0.144,0.202,-0.152,-24.719,71.350,-35.156
0.165,0.208,-0.158,-9.094,57.068,-28.748
0.184,0.215,-0.150,0.122,44.922,-23.743
0.191,0.224,-0.130,3.845,33.569,-20.691
0.180,0.240,-0.108,3.845,23.376,-17.639
0.174,0.273,-0.099,1.892,16.113,-13.184
0.155,0.316,-0.090,0.916,9.644,-8.423
0.141,0.370,-0.071,1.099,1.465,-4.089
0.112,0.444,-0.030,1.587,-8.057,0.305
0.097,0.524,0.010,0.671,-18.311,5.920
0.078,0.623,0.054,-1.282,-26.672,11.169
0.071,0.715,0.092,-3.296,-32.288,14.954
0.068,0.803,0.127,-4.211,-35.217,16.357
0.059,0.901,0.159,-3.418,-38.696,15.747
0.044,0.993,0.198,-0.305,-41.748,14.221
0.035,1.082,0.229,4.883,-42.847,11.841
0.035,1.160,0.244,12.451,-41.504,8.057
0.041,1.235,0.240,22.766,-36.743,1.465
0.062,1.274,0.231,36.316,-32.471,-8.789
0.083,1.273,0.237,50.964,-30.334,-23.621
0.107,1.235,0.252,61.829,-29.297,-39.917
0.115,1.189,0.270,64.270,-29.114,-54.504
0.120,1.152,0.282,57.800,-30.457,-65.186
0.120,1.136,0.295,44.800,-34.790,-72.266
0.118,1.139,0.311,28.992,-41.260,-76.782
0.131,1.133,0.335,14.648,-48.523,-81.909
0.154,1.105,0.366,2.502,-54.626,-89.478
0.173,1.074,0.392,-9.705,-59.143,-98.389
0.189,1.042,0.413,-21.484,-61.401,-106.323
0.211,1.010,0.424,-31.250,-62.744,-113.098
0.246,0.965,0.431,-37.292,-64.087,-119.080
0.284,0.902,0.440,-39.917,-64.758,-125.183
0.326,0.832,0.453,-42.175,-66.223,-129.761
0.366,0.761,0.469,-45.410,-68.542,-133.118
0.409,0.690,0.486,-49.744,-71.350,-134.277
0.435,0.624,0.500,-54.138,-74.097,-134.277
0.453,0.565,0.514,-57.312,-76.172,-134.277
0.472,0.496,0.536,-57.861,-78.125,-133.667
0.490,0.419,0.576,-55.420,-80.139,-133.057
0.521,0.330,0.635,-51.819,-83.618,-132.446
0.559,0.227,0.697,-48.706,-90.027,-132.202
0.589,0.123,0.772,-48.279,-96.008,-131.836
0.630,0.013,0.843,-51.575,-98.938,-129.700
0.666,-0.085,0.917,-57.861,-97.107,-124.146
0.695,-0.147,0.970,-66.040,-90.271,-113.953
0.692,-0.170,1.003,-72.327,-80.627,-99.426
0.682,-0.157,1.007,-72.571,-67.627,-80.811
0.677,-0.130,0.985,-64.453,-51.636,-61.340
0.685,-0.082,0.932,-47.119,-35.828,-46.082
0.670,-0.063,0.893,-22.400,-23.376,-37.476
0.660,-0.052,0.843,0.488,-12.451,-30.823
0.682,-0.023,0.762,16.052,-1.648,-22.156
0.693,0.010,0.680,28.320,5.371,-14.832
0.695,0.042,0.621,39.063,8.911,-8.972
0.687,0.073,0.570,47.058,9.399,-3.662
0.672,0.102,0.531,51.697,7.141,0.122
0.651,0.120,0.501,53.406,4.822,2.747
0.630,0.128,0.473,51.575,3.967,4.028
0.598,0.130,0.435,46.204,5.188,4.089
0.566,0.131,0.378,38.635,8.789,3.479
0.557,0.125,0.305,31.799,13.489,2.441
0.546,0.108,0.238,27.222,14.648,1.221
0.531,0.084,0.182,24.963,10.498,0.793
0.513,0.061,0.146,22.339,2.808,2.136
0.499,0.038,0.104,17.761,-7.568,4.578
0.478,0.029,0.081,12.451,-18.494,8.667
0.456,0.041,0.068,7.446,-28.137,13.855
0.418,0.061,0.071,5.920,-37.598,20.447
0.375,0.091,0.087,7.751,-46.936,28.931
0.329,0.132,0.116,13.123,-56.030,38.635
0.285,0.178,0.148,20.996,-62.683,47.729
0.245,0.227,0.181,30.945,-67.444,54.932
0.227,0.270,0.196,41.504,-69.641,58.533
0.253,0.307,0.187,52.246,-68.604,58.289
0.295,0.319,0.179,63.171,-67.627,55.420
0.323,0.312,0.197,71.350,-71.106,51.025
0.352,0.284,0.233,73.425,-78.369,46.936
0.352,0.260,0.280,67.688,-85.327,44.373
0.348,0.264,0.316,55.664,-90.210,44.922
0.321,0.286,0.336,43.335,-93.323,48.401
0.349,0.325,0.353,36.621,-97.473,53.955
0.359,0.360,0.396,37.109,-102.661,60.608
0.390,0.405,0.468,39.551,-110.535,67.322
0.380,0.458,0.560,39.856,-120.728,71.960
0.370,0.516,0.670,36.194,-128.357,74.036
0.339,0.580,0.771,30.457,-132.263,73.669
0.323,0.651,0.834,25.818,-131.104,70.862
0.324,0.710,0.891,27.771,-125.305,64.331
0.306,0.740,0.978,38.025,-119.934,54.077
0.261,0.764,1.109,52.002,-121.704,43.579
0.230,0.783,1.269,63.354,-129.333,36.987
0.227,0.796,1.437,68.970,-134.338,35.034
0.257,0.805,1.595,68.481,-129.883,33.081
0.298,0.807,1.724,62.317,-117.371,26.794
0.203,0.745,1.830,52.734,-97.168,17.212
0.289,0.791,1.844,36.926,-43.213,5.493
0.288,0.726,1.811,42.847,-19.836,-6.897
0.275,0.651,1.740,47.119,3.906,-17.578
0.248,0.583,1.654,46.692,23.499,-22.827
0.241,0.516,1.565,43.884,32.715,-24.048
0.219,0.469,1.516,40.833,31.982,-22.644
0.206,0.428,1.528,37.720,19.653,-18.005
0.203,0.403,1.586,32.532,5.371,-10.803
0.193,0.402,1.649,23.865,-1.831,-2.441
0.166,0.426,1.677,13.733,0.244,4.639
0.139,0.466,1.641,6.165,10.620,11.047
0.122,0.503,1.552,3.479,24.414,15.442
0.117,0.527,1.441,5.798,37.659,16.968
0.114,0.532,1.310,8.972,49.988,15.686
0.111,0.540,1.160,9.827,62.561,13.062
0.112,0.545,1.021,9.155,75.989,9.949
0.126,0.537,0.877,8.057,87.219,6.287
0.152,0.519,0.744,7.446,92.834,0.427
0.158,0.487,0.631,8.423,91.064,-7.141
0.184,0.442,0.552,9.521,82.458,-16.541
0.203,0.378,0.502,8.179,70.068,-24.353
0.226,0.312,0.477,2.747,55.359,-29.663
0.250,0.255,0.462,-6.348,41.016,-33.142
0.261,0.215,0.463,-17.029,29.419,-33.020
0.269,0.194,0.481,-25.818,16.479,-30.090
0.275,0.190,0.520,-29.785,4.578,-25.330
0.287,0.193,0.580,-28.748,-4.639,-20.264
0.301,0.201,0.646,-23.743,-10.742,-16.479
0.318,0.209,0.704,-17.090,-13.489,-13.184
0.329,0.209,0.747,-9.583,-14.221,-10.681
0.331,0.205,0.786,-2.380,-12.024,-8.728
0.341,0.206,0.810,3.601,-8.850,-4.761
0.339,0.216,0.831,7.996,-6.165,0.122
0.332,0.236,0.845,11.353,-4.333,5.920
0.318,0.270,0.859,13.672,-2.808,11.597
0.303,0.312,0.872,14.832,-3.113,16.724
0.286,0.360,0.886,14.832,-4.150,20.203
0.273,0.407,0.900,13.733,-5.127,21.423
0.262,0.445,0.916,11.597,-6.470,20.264
0.256,0.469,0.931,8.240,-7.141,16.724
0.254,0.479,0.942,4.639,-6.775,11.292
0.262,0.471,0.949,0.732,-5.432,5.188
0.271,0.448,0.957,-2.319,-4.272,-0.427
0.275,0.417,0.965,-5.981,-3.723,-4.578
0.280,0.389,0.961,-9.644,-1.465,-7.385
0.281,0.367,0.944,-11.902,1.465,-8.484
0.281,0.349,0.917,-11.230,5.188,-8.362
0.276,0.336,0.892,-7.874,7.996,-7.202
0.272,0.327,0.871,-2.808,9.705,-4.883
0.269,0.329,0.855,1.770,10.437,-2.258
0.271,0.334,0.843,5.005,10.315,-0.427
0.272,0.342,0.834,6.104,9.888,0.916
0.271,0.349,0.821,5.737,10.010,1.038
0.267,0.349,0.802,4.578,10.437,-0.061
0.264,0.346,0.784,3.906,10.315,-1.099
0.264,0.334,0.776,3.540,8.362,-1.587
0.268,0.321,0.776,2.625,6.042,-1.709
0.268,0.313,0.776,0.854,4.028,-1.465
0.268,0.311,0.777,-1.221,2.380,-0.610
0.269,0.315,0.782,-2.625,0.793,0.793
0.266,0.325,0.799,-2.991,-1.160,2.380
0.261,0.340,0.823,-2.502,-3.357,3.540
0.257,0.359,0.846,-1.892,-5.005,4.333
0.257,0.375,0.871,-1.404,-5.615,4.456
0.256,0.384,0.898,-1.099,-5.981,3.113
0.266,0.382,0.915,-1.343,-4.822,0.732
0.272,0.367,0.927,-2.319,-3.479,-1.526
0.273,0.354,0.932,-4.272,-1.343,-3.479
0.279,0.342,0.922,-5.981,1.099,-4.089
0.286,0.337,0.907,-6.409,3.296,-3.723
0.289,0.332,0.892,-4.517,4.822,-2.808
0.290,0.330,0.882,-1.343,5.371,-1.404
0.287,0.336,0.876,1.465,5.371,0.183
0.286,0.344,0.866,2.930,5.371,2.014
0.283,0.352,0.859,2.991,5.249,3.052
0.284,0.358,0.852,1.892,4.517,2.808
0.285,0.360,0.850,0.122,3.357,1.770
0.284,0.358,0.851,-1.648,2.625,0.366
0.281,0.352,0.851,-3.296,2.380,-0.854
0.279,0.347,0.852,-3.906,2.258,-1.404
0.278,0.341,0.850,-3.357,2.563,-1.587
0.280,0.331,0.845,-1.709,3.418,-1.648
0.278,0.321,0.838,-0.244,4.761,-1.587
0.275,0.313,0.827,0.732,5.859,-1.160
0.274,0.310,0.817,1.221,5.981,-0.183
0.272,0.315,0.803,1.038,5.493,1.526
0.265,0.324,0.794,0.916,4.517,3.174
0.271,0.336,0.789,1.343,2.686,4.578
0.268,0.354,0.791,2.380,0.671,5.127
0.265,0.381,0.796,3.418,-0.610,5.371
0.261,0.415,0.816,5.371,-2.563,4.822
0.273,0.439,0.842,7.996,-5.798,2.563
0.306,0.442,0.878,10.803,-7.812,-1.648
0.351,0.420,0.922,13.184,-9.949,-8.545
0.418,0.371,0.996,14.771,-13.855,-16.479
0.476,0.321,1.064,14.221,-22.949,-19.592
0.524,0.281,1.197,12.695,-36.133,-16.357
0.508,0.303,1.362,7.935,-50.781,-4.944
0.460,0.392,1.560,-2.502,-61.768,15.381
0.383,0.544,1.752,-14.587,-66.101,41.138
0.285,0.742,1.935,-23.621,-57.861,64.819
0.216,0.933,2.045,-26.123,-38.696,80.566
0.178,1.093,2.085,-20.386,-11.780,84.290
0.200,1.178,2.069,-7.874,18.494,72.937
0.246,1.150,2.011,5.981,48.401,45.532
0.292,1.027,1.917,10.315,75.867,9.460
0.327,0.849,1.794,-0.061,97.107,-25.330
0.355,0.661,1.661,-22.095,109.802,-51.514
0.384,0.499,1.551,-46.753,114.990,-66.711
0.414,0.356,1.471,-65.796,114.441,-72.876
0.423,0.244,1.410,-76.660,112.183,-72.693
0.424,0.166,1.348,-81.665,112.244,-67.017
0.409,0.115,1.278,-82.947,115.662,-57.983
0.407,0.091,1.191,-81.421,123.230,-47.607
0.397,0.081,1.089,-77.942,130.371,-37.537
0.375,0.084,0.984,-73.364,138.611,-29.968
0.356,0.091,0.852,-68.848,148.804,-24.719
0.320,0.098,0.713,-64.819,162.415,-21.423
0.298,0.106,0.558,-59.998,177.856,-19.714
-0.002,1.739,0.758,104.797,48.523,135.254
-0.001,1.689,0.708,94.788,58.899,100.586
0.002,1.578,0.623,77.759,67.566,66.711
0.004,1.429,0.533,56.824,70.801,37.537
-0.000,1.267,0.459,35.339,68.420,16.663
0.015,1.130,0.394,16.052,60.120,4.517
0.037,1.011,0.337,1.648,41.016,-0.854
0.055,0.915,0.338,-6.226,20.996,-2.075
0.061,0.852,0.378,-11.963,3.540,-0.854
0.062,0.829,0.417,-18.494,-7.385,2.930
0.074,0.826,0.437,-22.522,-12.634,6.592
0.086,0.807,0.443,-19.165,-13.794,5.310
0.093,0.753,0.444,-9.399,-11.902,-0.671
0.086,0.675,0.440,1.770,-9.094,-7.996
0.085,0.593,0.416,9.888,-5.981,-13.916
0.097,0.522,0.376,15.015,-4.028,-16.785
0.119,0.464,0.336,18.921,-5.554,-17.212
0.151,0.400,0.311,22.339,-11.780,-17.212
0.185,0.334,0.311,23.804,-21.057,-16.907
0.200,0.282,0.312,20.630,-30.090,-14.648
0.215,0.257,0.304,13.855,-36.133,-10.315
0.203,0.246,0.289,7.874,-40.588,-5.493
0.186,0.267,0.270,5.859,-43.640,-1.526
0.182,0.269,0.248,7.935,-47.363,2.747
0.184,0.273,0.230,13.672,-51.880,6.897
0.172,0.279,0.227,21.973,-57.556,9.399
0.165,0.297,0.226,29.846,-63.293,12.939
0.160,0.330,0.216,37.292,-68.176,18.188
0.177,0.366,0.205,45.776,-73.547,20.874
0.193,0.382,0.213,56.335,-80.627,19.348
0.222,0.376,0.251,66.467,-87.891,12.878
0.260,0.341,0.305,70.984,-96.436,5.310
0.246,0.287,0.375,67.566,-103.943,2.319
0.342,0.236,0.395,55.359,-111.267,3.784
0.319,0.206,0.461,42.542,-119.446,5.554
0.288,0.227,0.531,30.396,-127.991,13.489
0.263,0.320,0.605,20.874,-137.451,30.762
0.237,0.456,0.691,18.372,-146.973,51.270
0.213,0.600,0.808,24.536,-157.227,66.650
0.175,0.729,0.945,35.461,-166.687,73.792
0.141,0.833,1.092,46.692,-171.021,72.876
0.119,0.897,1.242,54.749,-166.870,64.697
0.106,0.924,1.370,58.472,-157.410,50.232
0.098,0.902,1.483,59.570,-144.470,31.982
0.077,0.845,1.575,58.411,-130.127,12.695
0.071,0.765,1.646,53.711,-115.234,-2.930
0.050,0.692,1.684,45.288,-98.755,-10.986
0.037,0.660,1.690,34.363,-80.505,-10.193
0.018,0.682,1.667,25.146,-62.744,-2.808
-0.000,0.738,1.640,22.705,-47.974,6.653
-0.020,0.806,1.620,28.015,-35.034,14.771
-0.028,0.858,1.601,38.574,-22.522,18.494
-0.042,0.890,1.572,48.157,-8.484,16.418
-0.074,0.919,1.526,52.429,6.042,11.169
-0.104,0.943,1.456,50.781,20.508,4.822
-0.120,0.949,1.377,47.546,30.884,-2.197
-0.130,0.932,1.309,44.312,35.706,-10.925
-0.143,0.905,1.265,40.222,37.048,-19.958
-0.162,0.886,1.228,32.410,37.109,-26.367
-0.169,0.888,1.187,22.461,37.415,-29.785
-0.174,0.911,1.139,14.282,38.818,-31.189
-0.180,0.937,1.103,11.902,39.063,-33.264
-0.185,0.952,1.077,13.000,38.208,-36.499
-0.192,0.958,1.051,15.198,38.879,-41.321
-0.200,0.948,1.025,16.602,42.664,-47.241
-0.211,0.929,0.988,16.785,48.828,-53.772
-0.221,0.931,0.931,16.785,55.725,-60.791
-0.225,0.917,0.882,18.677,59.753,-69.824
-0.215,0.879,0.836,21.362,59.509,-79.102
-0.206,0.827,0.808,22.583,56.030,-89.111
-0.193,0.767,0.791,19.165,52.063,-98.572
-0.177,0.707,0.776,10.437,47.363,-106.262
-0.158,0.652,0.755,-2.441,43.152,-112.915
-0.130,0.598,0.728,-16.418,40.344,-118.652
-0.095,0.548,0.693,-28.931,38.208,-123.413
-0.063,0.507,0.666,-38.208,35.217,-126.709
-0.042,0.473,0.651,-43.396,30.212,-127.808
-0.017,0.442,0.639,-44.312,24.414,-127.258
0.000,0.415,0.619,-41.016,20.508,-126.038
0.016,0.400,0.595,-34.241,21.484,-124.878
0.017,0.395,0.575,-25.208,23.437,-123.535
0.029,0.400,0.568,-16.418,22.095,-121.826
0.054,0.393,0.571,-9.521,16.113,-120.300
0.090,0.379,0.590,-5.432,9.338,-121.033
0.117,0.353,0.618,-6.531,5.920,-125.061
0.144,0.306,0.641,-13.000,5.676,-131.348
0.156,0.254,0.663,-23.437,7.568,-139.587
0.167,0.202,0.681,-36.072,7.935,-147.644
0.177,0.125,0.693,-47.974,7.141,-154.419
0.220,0.050,0.678,-57.495,10.071,-160.156
0.242,-0.031,0.623,-63.171,16.296,-163.330
0.254,-0.109,0.554,-62.683,23.560,-164.551
0.267,-0.181,0.519,-56.946,25.330,-164.368
0.291,-0.250,0.536,-49.500,17.578,-162.781
0.330,-0.307,0.556,-44.006,-6.226,-160.156
0.339,-0.383,0.659,-39.246,-35.400,-158.264
0.354,-0.417,0.743,-38.147,-63.293,-158.142
0.363,-0.494,0.924,-36.804,-78.064,-156.860
0.391,-0.588,1.052,-41.199,-73.242,-144.775
0.427,-0.624,1.125,-49.805,-64.270,-132.080
0.460,-0.635,1.179,-47.791,-54.260,-121.155
0.466,-0.645,1.215,-34.485,-44.373,-109.009
0.480,-0.656,1.234,-13.855,-30.823,-93.323
0.484,-0.642,1.224,6.958,-14.648,-72.815
0.493,-0.590,1.176,24.963,0.000,-48.279
0.513,-0.509,1.100,39.001,10.010,-22.949
0.534,-0.422,1.030,49.988,14.404,-2.563
0.549,-0.334,0.985,57.251,15.320,11.841
0.563,-0.259,0.947,59.631,13.367,22.156
0.559,-0.185,0.929,57.068,9.766,28.870
0.556,-0.117,0.916,51.453,5.005,33.813
0.552,-0.065,0.914,44.495,0.427,37.415
0.540,-0.021,0.921,36.743,-4.089,38.635
0.524,0.015,0.933,27.893,-8.606,38.391
0.504,0.052,0.944,18.311,-11.780,37.659
0.475,0.093,0.957,9.399,-13.550,37.720
0.440,0.142,0.972,2.319,-13.245,37.903
0.408,0.180,0.986,-2.136,-13.428,38.269
0.386,0.217,1.002,-4.639,-13.855,38.025
0.173,0.793,1.589,21.851,-49.927,8.667
0.137,0.824,1.581,27.161,-32.654,7.690
0.105,0.840,1.537,32.104,-13.550,3.174
0.068,0.836,1.482,36.987,2.625,-3.662
0.031,0.827,1.418,39.673,15.137,-11.475
-0.004,0.838,1.346,39.307,25.085,-17.151
-0.013,0.855,1.263,37.720,32.349,-20.081
-0.012,0.864,1.188,37.964,37.109,-22.400
-0.018,0.863,1.135,39.063,40.283,-25.879
-0.031,0.858,1.088,38.391,43.335,-29.053
-0.045,0.861,1.036,34.668,46.631,-31.311
-0.057,0.877,0.984,29.846,50.049,-32.654
-0.065,0.897,0.933,27.039,50.842,-34.058
-0.059,0.903,0.900,27.954,48.401,-37.415
-0.042,0.887,0.890,30.579,42.053,-43.274
-0.037,0.852,0.903,30.457,34.729,-51.147
-0.038,0.820,0.918,24.414,30.457,-58.838
-0.030,0.808,0.917,13.733,29.602,-65.308
-0.022,0.794,0.908,3.052,29.236,-70.679
-0.014,0.775,0.897,-4.456,27.832,-76.843
0.000,0.745,0.884,-8.118,26.978,-84.167
0.006,0.691,0.875,-9.766,27.527,-92.834
0.016,0.641,0.856,-11.841,31.738,-100.647
0.026,0.585,0.833,-14.526,34.851,-106.567
0.036,0.541,0.793,-16.846,37.598,-110.596
0.050,0.505,0.744,-16.052,41.443,-112.854
0.059,0.467,0.708,-11.780,43.030,-114.197
0.073,0.424,0.683,-6.042,41.199,-115.601
0.110,0.366,0.674,-1.648,35.828,-117.065
0.125,0.306,0.688,-1.709,27.527,-120.056
0.152,0.245,0.719,-8.606,19.958,-123.718
0.174,0.191,0.745,-22.522,14.771,-126.282
0.200,0.149,0.756,-41.504,13.062,-128.357
0.215,0.121,0.743,-59.998,15.869,-129.211
0.246,0.092,0.704,-72.205,19.714,-129.333
0.273,0.066,0.665,-77.820,22.278,-127.869
0.275,0.054,0.638,-77.515,23.437,-123.474
0.270,0.059,0.610,-74.951,25.391,-117.126
0.265,0.078,0.574,-69.153,27.039,-110.718
0.274,0.079,0.551,-57.678,27.100,-108.826
0.300,0.033,0.559,-40.466,23.621,-114.380
0.339,-0.070,0.602,-23.987,17.639,-125.183
0.387,-0.210,0.663,-17.273,11.597,-137.024
0.429,-0.351,0.717,-23.865,7.568,-146.484
0.464,-0.445,0.740,-40.283,5.249,-151.489
0.471,-0.499,0.747,-58.472,1.648,-152.893
0.486,-0.516,0.739,-70.007,-2.014,-151.245
0.495,-0.526,0.740,-71.289,-6.470,-147.339
0.483,-0.498,0.763,-61.951,-10.010,-141.296
0.465,-0.524,0.805,-45.105,-11.658,-128.174
0.498,-0.548,0.817,-26.550,-17.212,-111.023
0.530,-0.578,0.845,-6.470,-23.560,-95.337
0.565,-0.603,0.890,11.475,-29.968,-83.130
0.588,-0.623,0.934,23.804,-34.668,-71.289
0.612,-0.630,0.972,28.625,-35.034,-57.495
0.624,-0.588,1.001,26.123,-29.846,-42.114
0.620,-0.521,1.006,20.874,-24.902,-25.085
0.623,-0.430,1.001,18.921,-22.766,-9.644
0.625,-0.351,1.000,23.804,-21.484,1.953
0.616,-0.289,1.005,32.898,-20.447,11.230
0.604,-0.236,1.012,40.466,-17.273,18.982
0.593,-0.181,1.009,43.762,-13.550,25.513
0.586,-0.130,1.000,42.480,-10.620,30.396
0.582,-0.089,0.992,38.330,-10.071,33.691
0.581,-0.056,0.993,31.799,-11.597,34.424
0.572,-0.026,1.003,21.790,-14.099,34.119
0.548,0.014,1.025,9.644,-16.235,34.119
0.526,0.055,1.038,-1.587,-16.357,34.485
0.502,0.096,1.048,-9.399,-13.611,33.997
0.472,0.141,1.051,-11.658,-8.423,32.837
0.442,0.182,1.044,-8.423,-1.831,31.738
0.421,0.213,1.026,-1.526,5.737,31.128
0.414,0.226,1.001,6.775,14.099,30.579
0.412,0.224,0.970,13.916,21.606,29.663
0.422,0.212,0.929,18.555,27.466,28.320
0.433,0.190,0.888,19.470,31.616,26.611
0.436,0.179,0.849,17.029,32.532,24.719
0.432,0.179,0.815,12.146,30.273,23.254
0.428,0.188,0.790,6.897,26.062,22.644
0.422,0.205,0.775,2.380,21.545,22.949
0.415,0.208,0.768,-0.610,17.639,23.682
0.422,0.243,0.752,-2.136,13.977,21.973
0.421,0.256,0.756,-0.854,10.864,17.944
0.429,0.251,0.772,1.587,7.874,13.306
0.440,0.237,0.787,2.380,5.859,8.240
0.458,0.220,0.792,0.061,5.432,3.906
0.467,0.208,0.791,-3.845,5.798,0.488
0.477,0.197,0.785,-7.874,5.859,-1.648
0.490,0.180,0.781,-10.498,4.883,-3.357
0.501,0.158,0.786,-11.353,3.601,-5.066
0.499,0.144,0.797,-11.658,2.075,-5.371
0.502,0.137,0.802,-12.329,1.526,-3.540
0.505,0.139,0.802,-12.024,1.770,-1.343
0.503,0.143,0.793,-10.071,2.136,0.793
0.510,0.147,0.799,-6.104,2.197,2.991
0.510,0.147,0.810,-2.319,0.977,4.822
0.509,0.151,0.818,-0.610,1.648,6.287
0.501,0.161,0.818,-0.366,2.930,7.507
0.499,0.171,0.808,-0.488,4.578,7.996
0.492,0.180,0.801,0.000,5.432,7.446
0.490,0.180,0.793,1.709,5.798,5.676
0.489,0.170,0.795,3.418,5.554,3.113
0.491,0.156,0.800,3.418,4.700,0.916
0.492,0.142,0.805,1.587,3.784,-0.549
0.490,0.134,0.814,-1.587,2.747,-1.099
0.487,0.129,0.821,-4.639,1.953,-0.793
0.486,0.126,0.827,-6.775,0.977,-0.427
0.491,0.120,0.834,-7.629,0.366,0.122
0.488,0.117,0.843,-7.690,0.183,1.221
0.484,0.121,0.848,-7.751,0.671,3.052
0.481,0.135,0.849,-6.836,1.953,5.432
0.472,0.155,0.841,-4.639,3.601,7.629
0.466,0.174,0.832,-0.916,5.249,8.911
0.468,0.185,0.828,3.906,6.165,9.277
0.473,0.188,0.826,7.629,6.531,8.545
0.478,0.187,0.829,8.850,6.226,7.263
0.487,0.182,0.827,7.751,5.737,5.493
0.497,0.174,0.824,4.761,5.554,3.357
0.500,0.160,0.824,1.160,5.005,0.977
1.416,0.481,0.758,-15.686,-102.722,27.771
1.416,0.487,0.796,-15.076,-81.970,12.085
1.420,0.391,0.810,-9.399,-61.218,-2.197
1.392,0.296,0.793,-7.019,-41.931,-10.681
1.325,0.256,0.763,-8.301,-24.658,-11.475
1.322,0.311,0.718,-9.399,-10.254,-5.249
1.240,0.323,0.693,-4.944,-1.709,3.235
1.215,0.397,0.698,3.296,9.216,5.920
1.154,0.492,0.708,8.728,16.602,9.949
1.115,0.547,0.701,10.681,26.428,11.475
1.100,0.567,0.674,9.094,38.269,5.920
1.061,0.565,0.638,5.615,48.523,-3.479
1.037,0.556,0.614,2.319,55.054,-14.587
1.009,0.563,0.594,0.427,58.289,-23.987
1.012,0.601,0.559,0.916,59.570,-30.334
0.952,0.635,0.547,7.141,53.955,-30.945
0.965,0.674,0.571,16.968,45.166,-30.090
0.953,0.705,0.630,23.621,37.109,-29.297
0.961,0.744,0.693,21.179,32.898,-27.954
0.951,0.789,0.743,9.705,33.325,-27.466
0.955,0.832,0.769,-5.005,36.011,-28.503
0.933,0.843,0.785,-18.921,40.039,-33.752
0.927,0.829,0.782,-30.273,46.021,-43.701
0.897,0.817,0.749,-38.330,50.842,-53.894
0.874,0.775,0.725,-40.588,53.101,-65.796
0.821,0.731,0.710,-40.588,53.284,-74.402
0.781,0.693,0.691,-40.955,54.443,-77.515
0.735,0.680,0.678,-41.016,56.580,-78.552
0.689,0.665,0.682,-40.527,58.899,-79.834
0.637,0.641,0.684,-41.748,63.416,-81.726
0.599,0.580,0.662,-47.180,70.496,-84.595
0.547,0.511,0.607,-57.739,80.200,-89.966
0.515,0.454,0.526,-69.824,90.027,-96.619
0.499,0.401,0.439,-78.552,95.459,-102.417
0.503,0.341,0.373,-80.811,93.201,-107.117
0.512,0.258,0.329,-78.125,83.374,-112.244
0.525,0.154,0.305,-75.073,69.885,-118.958
0.550,0.051,0.288,-74.646,57.251,-126.526
0.557,-0.043,0.281,-77.209,44.189,-132.019
0.543,-0.118,0.277,-81.421,32.288,-136.475
0.534,-0.192,0.286,-86.060,24.231,-139.465
0.536,-0.289,0.305,-90.637,18.311,-139.465
0.532,-0.398,0.295,-98.694,16.968,-135.620
0.533,-0.503,0.262,-109.375,20.813,-131.653
0.542,-0.608,0.212,-117.737,25.085,-130.432
0.570,-0.665,0.157,-120.056,20.691,-135.376
0.553,-0.698,0.187,-113.586,8.667,-146.790
0.548,-0.858,0.244,-103.638,1.892,-149.170
0.562,-1.007,0.277,-99.915,-0.488,-130.676
0.565,-1.092,0.311,-105.408,5.066,-116.943
0.588,-1.147,0.299,-113.037,16.846,-107.056
0.608,-1.165,0.262,-114.136,26.733,-98.022
0.592,-1.173,0.245,-103.943,28.076,-88.196
0.574,-1.192,0.233,-86.182,28.503,-77.759
0.581,-1.195,0.204,-66.711,33.691,-67.810
0.595,-1.171,0.149,-48.096,40.649,-56.458
0.615,-1.142,0.077,-28.809,43.091,-44.617
0.648,-1.113,0.008,-8.728,40.283,-36.438
0.686,-1.087,-0.042,10.071,32.654,-32.227
0.724,-1.064,-0.077,25.696,21.545,-30.273
0.776,-1.027,-0.108,36.987,8.667,-29.602
0.810,-0.966,-0.102,44.006,-6.042,-31.921
0.829,-0.961,-0.038,46.570,-20.935,-36.072
0.845,-0.952,0.009,39.490,-29.785,-33.203
0.870,-0.937,0.027,26.794,-33.203,-24.353
0.858,-0.890,0.037,15.564,-35.278,-14.160
0.904,-0.824,0.049,10.193,-38.208,-5.188
0.893,-0.750,0.095,11.963,-46.631,3.601
0.889,-0.672,0.137,17.517,-56.458,14.160
0.882,-0.614,0.176,25.879,-62.439,21.057
0.860,-0.561,0.229,34.241,-62.805,22.522
0.901,-0.499,0.272,39.612,-58.472,20.142
0.881,-0.456,0.322,42.419,-58.472,19.592
0.855,-0.429,0.348,41.260,-58.044,21.667
0.830,-0.423,0.376,37.964,-53.467,22.949
0.832,-0.421,0.388,32.959,-44.556,22.949
0.832,-0.417,0.394,27.832,-34.790,22.461
0.826,-0.400,0.378,23.804,-25.635,22.705
0.826,-0.384,0.352,23.376,-18.616,23.560
0.833,-0.370,0.330,27.100,-13.794,23.499
0.850,-0.365,0.314,33.264,-12.024,23.743
0.828,-0.355,0.300,39.795,-12.390,25.269
0.850,-0.333,0.289,44.678,-10.803,25.330
0.855,-0.310,0.286,48.340,-11.047,24.963
0.859,-0.283,0.287,50.354,-13.794,25.330
0.880,-0.275,0.296,50.232,-17.273,26.367
0.884,-0.289,0.307,46.692,-20.813,27.771
0.902,-0.297,0.318,39.429,-23.010,28.870
0.908,-0.304,0.323,31.372,-25.085,29.114
0.911,-0.304,0.334,24.353,-28.198,28.137
0.915,-0.296,0.347,19.775,-30.762,25.513
0.906,-0.284,0.366,18.433,-32.959,22.217
0.927,-0.271,0.384,19.348,-32.532,16.968
0.911,-0.263,0.406,21.790,-33.081,11.047
0.891,-0.272,0.417,23.804,-31.189,5.737
0.876,-0.292,0.392,24.841,-25.757,2.380
0.872,-0.308,0.336,27.405,-22.217,1.709
0.880,-0.322,0.290,33.875,-25.574,2.319
0.892,-0.348,0.279,43.396,-35.645,1.709
0.887,-0.378,0.320,51.392,-47.363,-0.427
0.874,-0.395,0.384,52.917,-52.979,-1.526
0.867,-0.399,0.425,47.241,-51.025,-1.343
0.857,-0.414,0.450,38.574,-43.457,-1.160
0.848,-0.427,0.445,29.785,-33.447,-0.977
0.841,-0.435,0.418,22.888,-24.170,-0.549
0.840,-0.440,0.378,21.179,-18.372,-0.183
0.855,-0.449,0.347,25.574,-16.113,-0.366
0.846,-0.460,0.358,34.668,-16.602,-1.160
0.821,-0.450,0.380,44.067,-17.151,-0.427
0.808,-0.432,0.400,51.758,-14.587,3.357
0.802,-0.423,0.416,58.105,-9.399,8.606
0.800,-0.418,0.426,62.378,-3.052,13.062
0.808,-0.413,0.419,65.247,2.625,16.052
0.817,-0.396,0.394,68.665,8.728,17.212
0.826,-0.401,0.368,73.486,15.137,16.479
0.847,-0.409,0.338,77.881,20.813,13.672
0.815,-0.435,0.305,79.956,24.658,11.414
0.836,-0.460,0.263,80.750,26.917,8.484
0.857,-0.488,0.241,83.130,23.682,7.324
1.194,-0.609,0.857,5.859,-138.977,185.608
1.176,-0.564,0.964,-10.742,-122.986,174.988
1.188,-0.374,0.981,-31.250,-99.792,166.992
1.239,-0.233,0.925,-33.325,-76.172,143.738
1.154,-0.430,0.882,-16.846,-51.208,103.638
1.074,-0.676,0.836,-17.639,-26.672,82.825
1.022,-0.729,0.748,-34.302,-2.808,84.290
0.934,-0.626,0.691,-48.096,15.991,91.553
0.918,-0.552,0.640,-50.232,21.179,104.492
1.000,-0.569,0.532,-42.236,12.024,113.464
0.882,-0.508,0.506,-28.748,19.226,113.037
0.844,-0.470,0.446,-12.939,29.297,113.586
0.815,-0.448,0.397,4.333,40.588,116.272
0.778,-0.471,0.355,22.827,47.180,119.934
0.652,-0.438,0.344,38.635,48.218,129.333
0.587,-0.350,0.295,51.880,43.945,147.949
0.517,-0.229,0.260,67.383,36.621,169.373
0.591,0.047,0.291,72.083,38.513,186.890
0.346,0.446,0.296,10.437,54.565,192.322
0.394,0.476,0.171,-37.354,41.016,175.232
0.407,0.466,0.088,-38.147,36.560,145.081
0.411,0.548,0.078,-13.733,20.813,105.347
0.336,0.378,0.164,22.888,0.244,70.068
0.361,0.181,0.269,44.434,-17.639,51.331
0.334,0.108,0.331,34.119,-22.034,57.373
0.370,0.152,0.297,14.343,-16.235,65.125
0.382,0.176,0.284,10.254,-3.662,64.453
0.254,0.411,0.277,0.183,4.639,65.430
0.356,0.463,0.215,-14.160,2.747,59.326
0.282,0.215,0.227,-16.846,-4.395,47.058
0.426,0.038,0.199,-21.790,-8.057,38.452
0.429,0.000,0.170,-26.062,-3.296,41.382
0.402,0.106,0.162,-25.940,2.869,48.706
0.362,0.241,0.152,-15.137,6.653,51.147
0.381,0.290,0.147,8.484,9.888,44.678
0.406,0.367,0.162,34.180,11.475,35.461
0.510,0.349,0.188,62.134,10.742,28.931
0.537,0.282,0.227,98.999,12.695,15.869
0.531,0.258,0.231,112.305,16.357,-2.075
0.586,0.237,0.218,110.291,15.625,-14.160
0.647,0.206,0.193,109.009,18.494,-25.452
0.723,0.118,0.134,117.249,27.832,-35.767
0.739,0.038,0.087,129.333,37.109,-46.082
0.832,-0.062,-0.011,144.226,52.246,-54.749
0.811,-0.219,-0.115,168.213,70.740,-55.969
0.855,-0.279,-0.386,195.557,83.740,-53.833
0.926,-0.376,-0.343,229.553,88.013,-44.312
0.890,-0.380,-0.360,256.836,72.327,-21.240
0.941,-0.439,-0.342,268.494,45.349,10.498
0.974,-0.428,-0.317,268.372,23.865,38.269
0.963,-0.358,-0.259,260.010,9.094,57.312
0.945,-0.304,-0.207,247.803,-10.864,71.228
0.956,-0.272,-0.178,230.591,-31.006,77.637
0.925,-0.229,-0.122,209.717,-46.265,76.843
0.905,-0.203,0.012,183.838,-51.147,72.754
0.893,-0.151,0.066,149.780,-58.228,66.772
0.877,-0.121,0.145,113.403,-64.697,58.594
0.918,-0.190,0.241,77.271,-79.895,44.067
0.915,-0.274,0.385,41.321,-98.816,23.682
0.861,-0.345,0.512,5.310,-112.610,7.690
0.809,-0.440,0.667,-30.029,-127.563,-0.610
0.716,-0.043,0.845,-60.852,-149.292,-6.775
0.689,-0.495,1.225,51.453,-200.195,-14.221
0.481,-0.775,1.673,198.730,-164.490,-14.587
0.478,-0.752,1.801,161.133,-126.343,-7.324
0.479,-0.631,1.703,124.207,-75.500,17.883
0.441,-0.439,1.478,106.873,-21.057,31.433
0.419,-0.345,1.241,94.360,5.188,31.189
0.487,-0.285,1.009,68.542,4.272,23.865
0.538,-0.338,0.863,49.072,-3.540,14.771
0.543,-0.414,0.802,43.335,-15.137,8.911
0.438,-0.435,0.888,45.593,-33.752,5.493
0.420,-0.369,1.009,51.270,-47.424,10.437
0.387,-0.321,1.077,53.406,-48.340,13.733
0.354,-0.320,1.103,53.772,-40.955,12.756
0.310,-0.272,1.106,52.307,-30.396,11.597
0.305,-0.242,1.040,48.035,-15.442,9.338
0.308,-0.207,0.883,39.795,1.831,6.409
0.310,-0.148,0.669,32.593,17.090,3.479
0.329,-0.133,0.482,32.043,26.367,-0.488
0.311,-0.137,0.320,41.138,24.292,-5.859
0.304,-0.153,0.250,63.293,11.108,-12.146
0.265,-0.153,0.253,93.384,-2.808,-17.578
0.218,-0.135,0.243,122.681,-10.315,-20.752
0.134,-0.084,0.285,141.296,-8.362,-22.522
0.170,-0.081,0.210,150.879,-3.479,-31.921
0.167,-0.133,0.133,153.931,3.174,-37.659
0.178,-0.195,0.080,136.108,6.165,-43.945
0.221,-0.192,-0.035,96.680,3.784,-51.208
0.205,-0.172,-0.035,58.838,-4.272,-59.570
0.197,-0.202,-0.026,41.504,-22.949,-73.303
0.205,-0.241,-0.023,49.561,-45.105,-88.867
0.176,-0.337,0.125,67.505,-62.012,-101.685
0.204,-0.449,0.266,87.524,-79.895,-112.000
0.205,-0.553,0.405,106.506,-85.999,-114.624
0.245,-0.619,0.520,118.469,-72.205,-108.826
0.296,-0.602,0.542,118.774,-53.467,-102.295
0.321,-0.615,0.525,108.643,-40.710,-101.624
0.347,-0.647,0.540,92.712,-35.767,-106.384
0.401,-0.727,0.604,75.500,-39.551,-115.784
0.458,-0.876,0.705,64.697,-44.922,-125.793
0.494,-0.997,0.812,54.626,-47.668,-131.714
0.519,-1.099,0.910,48.035,-47.180,-130.554
0.522,-1.182,0.979,48.645,-42.786,-123.718
0.568,-1.228,0.998,52.612,-34.973,-109.924
0.653,-1.153,0.978,52.551,-26.550,-93.384
0.633,-1.180,0.941,49.438,-19.226,-84.473
0.656,-1.278,0.961,45.593,-19.531,-80.872
0.661,-1.427,1.048,44.739,-27.893,-79.895
0.642,-1.540,1.171,46.692,-30.884,-76.416
0.617,-1.588,1.277,45.166,-25.085,-67.810
0.623,-1.561,1.298,37.720,-10.376,-53.711
0.615,-1.495,1.209,29.053,8.118,-39.856
0.615,-1.424,1.050,22.583,25.574,-29.480
0.605,-1.351,0.909,17.517,35.095,-22.095
0.603,-1.296,0.804,14.038,37.659,-17.639
0.587,-1.253,0.738,10.376,36.011,-14.038
0.542,-1.211,0.722,7.446,33.447,-14.282
0.482,-1.208,0.727,3.662,31.921,-17.029
1.431,-0.543,-0.864,146.179,117.371,30.884
1.408,-0.529,-0.984,136.230,114.624,32.715
1.485,-0.563,-1.115,116.455,106.262,32.410
1.444,-0.605,-1.229,91.614,88.196,34.180
1.368,-0.649,-1.296,69.153,65.063,36.804
1.349,-0.693,-1.355,52.795,45.471,39.856
1.352,-0.707,-1.405,38.574,26.367,43.457
1.303,-0.657,-1.414,23.743,3.418,48.523
1.222,-0.590,-1.374,14.038,-18.799,52.490
1.201,-0.565,-1.337,11.536,-35.889,55.237
1.184,-0.543,-1.298,8.545,-48.706,58.044
1.088,-0.507,-1.230,5.676,-60.059,61.279
1.044,-0.519,-1.163,7.996,-67.444,65.063
0.954,-0.512,-1.085,17.395,-73.364,70.007
0.851,-0.470,-1.009,32.227,-74.341,74.951
0.780,-0.412,-0.948,48.828,-74.463,78.979
0.712,-0.352,-0.877,62.195,-77.942,80.688
0.629,-0.296,-0.790,71.106,-84.717,79.041
0.582,-0.270,-0.693,75.562,-93.140,75.073
0.516,-0.235,-0.592,74.341,-101.685,70.007
0.466,-0.213,-0.466,69.763,-110.107,63.660
0.442,-0.193,-0.332,62.256,-118.469,56.335
0.408,-0.181,-0.214,50.354,-123.962,49.133
0.372,-0.184,-0.117,35.950,-125.610,42.908
0.354,-0.186,-0.045,29.297,-123.352,39.734
0.341,-0.169,-0.003,31.799,-115.356,40.283
0.320,-0.109,0.037,37.415,-106.262,41.504
0.304,-0.067,0.076,42.908,-96.802,41.260
0.295,-0.043,0.107,47.668,-87.280,39.368
0.291,-0.031,0.138,48.645,-78.674,35.828
0.292,-0.025,0.175,45.715,-72.693,31.189
0.297,-0.029,0.208,39.856,-67.810,26.184
0.313,-0.028,0.212,31.494,-62.439,21.301
0.338,-0.018,0.196,21.973,-57.678,15.808
0.361,-0.025,0.191,10.986,-56.702,9.644
0.384,-0.032,0.197,-0.793,-57.861,4.028
0.393,-0.028,0.220,-7.507,-58.228,0.000
0.394,-0.013,0.240,-5.981,-54.626,-1.282
0.428,0.008,0.231,-0.854,-47.729,-1.160
0.441,0.046,0.208,2.502,-40.283,-1.648
0.450,0.079,0.179,4.944,-34.912,-4.333
0.473,0.098,0.144,6.470,-31.677,-9.155
0.496,0.128,0.111,4.456,-29.846,-15.442
0.502,0.180,0.089,-2.869,-29.297,-23.682
0.511,0.203,0.059,-13.184,-28.870,-33.875
0.526,0.215,-0.006,-25.757,-26.489,-42.725
0.532,0.227,-0.127,-40.527,-21.423,-49.377
0.507,0.244,-0.281,-53.833,-16.479,-55.542
0.554,0.254,-0.457,-62.073,-12.695,-61.218
0.548,0.328,-0.595,-64.087,-14.771,-62.927
0.550,0.389,-0.725,-58.594,-15.259,-63.049
0.567,0.446,-0.870,-46.814,-11.353,-62.622
0.601,0.500,-1.045,-34.363,-6.042,-62.195
0.602,0.575,-1.235,-24.780,-3.540,-63.110
0.569,0.646,-1.407,-15.747,-8.667,-69.763
0.556,0.598,-1.513,-1.587,-26.062,-85.388
0.564,0.456,-1.507,18.738,-56.091,-107.300
0.553,0.304,-1.362,44.250,-89.600,-128.479
0.561,0.102,-1.142,72.510,-117.615,-145.264
0.577,-0.113,-0.882,96.924,-136.780,-157.288
0.580,-0.385,-0.605,115.112,-146.790,-164.978
0.584,-0.638,-0.336,128.662,-148.743,-167.908
0.593,-0.838,-0.074,138.428,-146.606,-167.542
0.613,-1.022,0.154,146.118,-140.442,-165.161
0.667,-1.221,0.333,150.146,-131.287,-161.255
0.724,-1.382,0.471,145.264,-120.483,-156.372
0.784,-1.561,0.565,134.583,-109.070,-150.574
0.836,-1.747,0.621,125.671,-98.022,-141.357
0.888,-1.911,0.653,117.554,-88.501,-127.869
0.934,-1.994,0.707,107.300,-84.167,-111.084
0.932,-1.989,0.802,98.083,-82.642,-90.271
0.890,-1.884,0.870,88.135,-75.439,-67.383
0.824,-1.715,0.863,70.190,-62.683,-47.546
0.749,-1.540,0.800,47.119,-51.636,-33.936
0.699,-1.387,0.719,25.330,-46.082,-26.855
0.651,-1.254,0.637,7.263,-44.128,-23.804
0.605,-1.145,0.575,-6.165,-42.664,-23.926
0.579,-1.073,0.540,-15.503,-41.626,-26.794
0.567,-1.054,0.516,-20.081,-40.588,-30.334
0.546,-1.044,0.523,-18.188,-38.574,-32.227
0.536,-1.063,0.552,-7.324,-33.447,-31.067
0.527,-1.065,0.562,9.521,-22.827,-24.536
0.500,-1.003,0.543,22.583,-8.179,-16.235
0.478,-0.904,0.502,27.893,4.395,-9.766
0.458,-0.806,0.423,28.015,14.709,-6.897
0.445,-0.725,0.317,25.269,23.437,-7.874
0.441,-0.646,0.217,21.667,28.076,-12.451
0.453,-0.591,0.146,16.907,28.076,-20.569
0.471,-0.583,0.106,10.925,24.231,-29.785
0.488,-0.609,0.075,4.822,20.874,-36.377
0.474,-0.618,0.043,-0.061,20.203,-39.001
0.440,-0.599,0.010,-1.526,21.057,-39.307
0.404,-0.556,-0.023,0.488,22.156,-39.551
0.364,-0.513,-0.048,3.906,21.423,-40.710
0.346,-0.474,-0.066,6.958,19.958,-44.128
0.330,-0.437,-0.085,7.568,19.531,-47.974
0.314,-0.413,-0.089,8.118,19.531,-53.101
0.285,-0.397,-0.073,7.690,18.616,-58.960
0.262,-0.401,-0.068,7.874,19.043,-64.758
0.250,-0.407,-0.077,9.155,21.851,-70.923
0.243,-0.409,-0.075,11.169,24.170,-77.148
0.236,-0.396,-0.048,14.221,24.719,-82.397
0.230,-0.367,-0.019,16.785,26.245,-87.708
0.207,-0.328,0.006,19.836,29.480,-94.055
0.191,-0.304,0.036,21.729,32.898,-103.027
0.214,-0.337,0.043,20.935,36.438,-113.586
0.245,-0.431,-0.009,18.311,41.382,-122.192
0.261,-0.527,-0.077,16.968,46.021,-127.380
0.288,-0.630,-0.155,21.973,50.598,-129.883
0.312,-0.737,-0.176,34.058,50.354,-130.249
0.359,-0.862,-0.126,48.828,46.936,-130.615
0.414,-0.998,-0.067,60.181,46.326,-128.479
0.469,-1.116,-0.041,66.528,51.819,-123.108
0.513,-1.197,-0.042,70.313,59.937,-114.929
0.549,-1.261,-0.081,72.083,68.237,-105.225
0.572,-1.300,-0.138,70.984,74.097,-96.252
0.547,-1.298,-0.195,65.552,74.890,-88.806
0.570,-1.388,-0.225,61.035,71.228,-85.815
0.611,-1.506,-0.250,52.490,65.552,-84.717
0.636,-1.639,-0.297,34.180,58.167,-60.486
0.615,-1.633,-0.315,37.170,59.753,-47.791
0.629,-1.671,-0.317,40.527,60.364,-37.476
0.634,-1.731,-0.286,43.091,55.969,-28.381
0.619,-1.753,-0.267,44.922,54.260,-17.090
0.577,-1.716,-0.252,46.936,54.871,-5.066
0.531,-1.672,-0.230,46.509,54.871,5.554
0.516,-1.695,-0.210,46.387,53.955,13.367
0.488,-1.702,-0.203,40.527,52.795,21.057
0.449,-1.703,-0.177,30.945,50.110,27.710
0.411,-1.726,-0.135,22.888,48.340,35.645
0.375,-1.744,-0.076,19.958,47.546,45.288
0.349,-1.744,-0.015,19.043,48.340,58.350
0.283,-1.668,0.029,19.165,52.612,72.632
0.209,-1.532,0.040,17.151,61.768,86.731
0.153,-1.395,0.017,14.465,70.007,95.825
0.122,-1.285,-0.015,9.888,74.768,99.609
0.129,-1.246,-0.038,0.488,77.759,98.511
0.130,-1.256,-0.049,-8.362,77.759,95.703
0.145,-1.283,-0.057,-14.038,78.918,97.046
0.149,-1.292,-0.080,-13.733,82.825,102.478
0.144,-1.285,-0.091,-10.925,87.219,109.619
0.111,-1.246,-0.080,-7.812,89.722,118.103
0.079,-1.190,-0.050,-4.272,91.125,125.244
0.030,-1.117,-0.024,-3.296,94.299,131.592
-0.009,-1.034,-0.009,-5.615,99.609,135.132
-0.002,-0.995,-0.017,-10.681,105.957,135.315
0.024,-0.986,-0.050,-18.860,111.572,134.521
0.050,-0.976,-0.097,-28.870,116.760,134.766
0.073,-0.944,-0.163,-36.377,122.559,137.085
0.093,-0.890,-0.252,-39.795,128.479,141.663
0.108,-0.811,-0.345,-40.588,131.775,146.057
0.111,-0.708,-0.402,-39.246,129.150,147.644
0.135,-0.616,-0.406,-35.950,120.911,144.531
0.180,-0.554,-0.386,-35.400,110.901,137.451
0.233,-0.517,-0.363,-40.344,102.966,129.395
0.268,-0.492,-0.344,-48.157,97.717,122.986
0.290,-0.457,-0.341,-55.176,96.558,118.530
0.319,-0.417,-0.367,-59.326,100.159,116.394
0.346,-0.382,-0.427,-59.875,106.567,116.272
0.383,-0.347,-0.533,-58.044,113.586,117.004
0.417,-0.323,-0.687,-56.458,118.958,117.981
0.450,-0.272,-0.840,-54.199,120.117,118.591
0.480,-0.208,-0.934,-50.598,113.647,117.188
0.509,-0.140,-0.990,-46.875,102.173,113.525
0.520,-0.057,-1.016,-47.241,88.196,107.422
0.537,-0.005,-1.039,-51.575,76.355,98.511
0.548,-0.005,-1.065,-54.504,66.895,87.708
0.565,-0.027,-1.086,-53.589,60.303,77.148
0.577,-0.058,-1.103,-47.424,56.763,68.604
0.595,-0.101,-1.121,-36.255,55.054,62.134
0.606,-0.140,-1.136,-23.254,54.688,57.251
0.605,-0.157,-1.145,-11.475,54.810,53.162
0.603,-0.180,-1.156,-0.732,52.551,49.438
0.605,-0.212,-1.147,8.606,49.805,42.908
0.621,-0.253,-1.136,16.541,44.800,36.865
0.635,-0.280,-1.120,22.705,39.734,30.640
0.639,-0.287,-1.099,24.780,32.959,24.841
0.649,-0.293,-1.070,23.499,24.658,17.761
0.658,-0.307,-1.021,20.691,14.099,9.460
0.676,-0.342,-0.963,17.822,4.456,1.587
0.693,-0.396,-0.913,15.930,-1.404,-4.944
0.710,-0.460,-0.854,15.686,-5.981,-10.437
0.718,-0.511,-0.788,17.761,-10.010,-13.245
0.717,-0.554,-0.724,21.606,-12.207,-13.855
0.717,-0.586,-0.669,24.658,-12.756,-13.611
0.716,-0.605,-0.628,26.062,-12.756,-12.695
0.705,-0.611,-0.595,25.452,-12.085,-11.475
0.697,-0.614,-0.578,23.376,-11.902,-10.742
0.684,-0.612,-0.561,20.386,-12.634,-10.437
0.670,-0.600,-0.536,16.357,-13.794,-10.498
0.667,-0.604,-0.510,13.550,-14.648,-11.047
0.679,-0.611,-0.499,11.902,-14.404,-11.230
0.680,-0.611,-0.502,9.583,-12.817,-10.986
0.682,-0.610,-0.515,8.179,-11.475,-10.315
0.682,-0.616,-0.529,7.324,-11.353,-9.460
0.669,-0.628,-0.530,6.714,-13.000,-8.911
0.657,-0.646,-0.502,5.737,-15.625,-8.850
0.651,-0.666,-0.461,4.639,-17.517,-8.667
0.653,-0.675,-0.430,3.113,-17.090,-7.141
0.662,-0.678,-0.424,1.038,-13.367,-4.822
0.670,-0.671,-0.442,-1.648,-9.216,-2.258
0.673,-0.660,-0.473,-4.028,-5.188,-0.610
0.677,-0.646,-0.509,-4.028,-2.502,0.916
0.680,-0.638,-0.531,-1.465,-1.526,1.953
0.685,-0.632,-0.539,2.197,-1.770,3.052
0.685,-0.619,-0.539,5.554,-2.258,4.028
0.680,-0.603,-0.535,6.897,-2.502,4.700
0.672,-0.592,-0.528,6.287,-2.869,4.700
0.675,-0.586,-0.517,4.578,-3.662,4.028
0.676,-0.589,-0.512,2.563,-3.845,2.869
0.684,-0.594,-0.517,0.183,-3.174,2.197
0.690,-0.599,-0.524,-1.282,-2.747,2.014
0.693,-0.600,-0.530,-2.502,-2.441,2.563
0.697,-0.589,-0.533,-3.235,-2.441,3.418
0.692,-0.576,-0.536,-3.479,-2.075,4.456
0.692,-0.564,-0.536,-2.869,-2.258,5.066
0.682,-0.548,-0.528,-2.625,-2.869,5.493
0.677,-0.535,-0.517,-2.319,-3.479,4.883
0.674,-0.525,-0.499,-2.380,-4.456,4.150
0.673,-0.532,-0.484,-2.197,-4.456,2.991
0.672,-0.536,-0.474,-2.258,-3.418,2.747
0.666,-0.537,-0.476,-2.625,-1.648,2.747
0.666,-0.541,-0.480,-2.197,-0.610,2.808
0.666,-0.545,-0.477,-1.770,-0.183,2.869
0.661,-0.546,-0.473,-1.892,-0.061,2.991
0.660,-0.547,-0.472,-2.319,0.305,2.930
0.659,-0.545,-0.474,-3.174,1.282,2.930
0.657,-0.540,-0.482,-3.906,2.380,3.235
0.660,-0.540,-0.498,-3.845,3.723,2.991
0.665,-0.538,-0.516,-2.991,5.005,2.747
0.673,-0.537,-0.532,-1.648,5.005,2.441
0.676,-0.541,-0.539,-0.183,4.456,1.770
0.676,-0.540,-0.541,0.671,3.296,0.916
0.676,-0.545,-0.535,1.404,1.709,0.000
0.678,-0.555,-0.520,1.526,0.366,-0.977
0.679,-0.569,-0.503,0.793,-0.305,-1.587
0.681,-0.581,-0.492,-0.061,-0.244,-1.953
0.683,-0.588,-0.485,-1.648,0.671,-1.648
0.772,-0.601,-1.446,-81.665,29.175,4.822
0.763,-0.502,-1.656,-100.891,19.531,3.601
0.729,-0.400,-1.835,-120.483,0.305,-1.648
0.666,-0.306,-1.940,-140.259,-31.616,-7.446
0.615,-0.227,-1.974,-150.757,-68.542,-13.611
0.588,-0.142,-1.904,-151.184,-104.980,-20.813
0.542,-0.065,-1.707,-152.588,-139.404,-29.785
0.514,-0.083,-1.497,-162.659,-166.931,-34.363
0.511,-0.205,-1.345,-169.861,-176.147,-36.011
0.471,-0.339,-1.239,-158.508,-177.429,-31.250
0.434,-0.442,-1.143,-126.831,-172.424,-25.024
0.446,-0.526,-0.993,-70.129,-171.875,-22.400
0.447,-0.642,-0.727,5.371,-181.152,-22.095
0.421,-0.726,-0.378,75.806,-187.195,-21.301
0.385,-0.731,-0.036,118.835,-185.547,-21.362
0.359,-0.731,0.211,124.695,-179.016,-21.729
0.398,-0.792,0.314,108.887,-168.335,-20.264
0.482,-0.854,0.296,89.050,-150.940,-19.714
0.590,-0.842,0.136,76.599,-139.893,-15.808
0.525,-0.907,0.161,81.238,-138.367,-7.568
0.473,-0.893,0.235,92.529,-147.034,-5.066
0.379,-0.906,0.389,111.755,-153.137,-8.484
0.319,-0.887,0.551,130.798,-162.292,-15.869
0.257,-0.854,0.741,140.137,-173.645,-26.123
0.232,-0.865,0.903,138.245,-177.734,-34.729
0.236,-0.926,0.990,125.549,-174.438,-41.504
0.285,-0.980,1.014,107.361,-163.696,-47.485
0.303,-1.009,1.005,86.731,-147.644,-47.485
0.321,-1.015,0.968,65.491,-129.456,-46.265
0.307,-1.061,0.955,46.448,-111.450,-42.908
0.245,-1.084,0.990,37.292,-95.886,-40.466
0.235,-1.146,1.037,33.630,-85.510,-40.588
0.292,-1.266,1.038,29.358,-70.129,-43.091
0.391,-1.367,0.987,22.644,-47.607,-41.931
0.513,-1.451,0.844,16.235,-20.325,-37.598
0.658,-1.548,0.766,10.193,-3.235,-30.762
0.785,-1.627,0.646,3.235,12.207,-18.982
0.872,-1.687,0.519,-1.770,26.611,-4.395
0.908,-1.701,0.396,-8.057,31.921,10.925
0.940,-1.714,0.280,-16.724,32.532,24.414
0.967,-1.692,0.189,-27.649,27.954,36.560
0.958,-1.649,0.148,-39.368,20.325,47.241
0.950,-1.605,0.106,-50.293,11.902,58.044
0.938,-1.543,0.063,-62.744,8.179,67.322
0.889,-1.443,0.018,-73.303,4.517,75.989
0.854,-1.357,-0.017,-78.247,2.869,81.787
0.827,-1.290,-0.012,-77.576,-3.113,87.158
0.789,-1.209,0.021,-72.205,-9.949,91.125
0.772,-1.147,0.038,-65.002,-11.292,95.276
0.739,-1.060,0.067,-62.439,-9.338,99.182
0.663,-0.963,0.142,-63.110,-13.550,103.821
0.582,-0.858,0.256,-70.007,-17.029,106.689
0.519,-0.766,0.326,-85.815,-15.137,108.643
0.466,-0.654,0.336,-106.384,-10.010,111.938
0.408,-0.528,0.283,-122.070,-2.747,113.586
0.349,-0.400,0.203,-129.517,4.395,112.000
0.290,-0.297,0.141,-128.296,13.428,105.957
0.283,-0.238,0.088,-118.530,18.311,97.839
0.259,-0.211,0.042,-104.614,19.897,89.783
0.245,-0.176,0.000,-87.097,22.522,81.543
0.201,-0.136,-0.025,-62.866,22.766,72.266
0.186,-0.128,0.007,-36.682,21.729,60.852
0.189,-0.150,0.070,-17.395,21.423,49.866
0.205,-0.189,0.116,-10.925,20.203,41.321
0.228,-0.252,0.133,-16.174,22.278,31.494
0.244,-0.334,0.144,-25.635,22.278,24.536
0.276,-0.381,0.150,-31.616,19.897,19.348
0.293,-0.396,0.160,-32.898,16.235,15.564
0.327,-0.404,0.183,-36.377,11.597,13.123
0.343,-0.425,0.252,-38.086,3.845,9.155
0.360,-0.456,0.390,-36.865,-5.554,3.906
0.371,-0.526,0.592,-29.907,-12.878,-1.587
0.397,-0.589,0.840,-20.020,-14.893,-6.409
0.414,-0.649,1.052,-13.062,-6.958,-8.484
0.453,-0.696,1.172,-9.644,10.803,-8.484
0.520,-0.739,1.172,-8.606,31.860,-6.592
0.565,-0.763,1.097,-11.108,49.927,-2.625
0.609,-0.787,1.016,-16.357,62.744,-1.160
0.635,-0.795,0.974,-22.766,68.909,-0.549
0.637,-0.761,0.951,-34.180,70.557,1.587
0.631,-0.678,0.924,-53.406,71.777,5.249
0.629,-0.593,0.878,-78.186,75.378,7.690
0.606,-0.509,0.823,-101.624,76.172,7.751
0.599,-0.435,0.751,-119.629,78.796,4.639
0.578,-0.370,0.670,-130.798,83.618,0.061
0.570,-0.323,0.600,-138.672,89.661,-4.272
0.563,-0.285,0.553,-137.390,95.154,-10.864
0.560,-0.271,0.502,-127.502,101.563,-16.846
0.593,-0.268,0.429,-113.770,112.549,-24.414
0.633,-0.297,0.327,-101.318,122.559,-29.724
0.687,-0.341,0.200,-90.515,128.845,-35.034
0.719,-0.369,0.063,-84.839,132.751,-38.452
0.738,-0.400,-0.088,-84.595,134.277,-39.856
0.759,-0.448,-0.247,-85.693,130.249,-42.419
0.766,-0.512,-0.389,-87.524,121.216,-44.861
0.759,-0.581,-0.490,-87.280,110.413,-46.204
0.732,-0.639,-0.530,-82.947,98.206,-46.570
0.703,-0.669,-0.537,-74.646,87.463,-46.021
0.699,-0.695,-0.582,-65.552,81.726,-43.579
0.711,-0.746,-0.684,-57.190,81.665,-42.786
0.723,-0.783,-0.803,-52.795,79.834,-39.795
0.716,-0.795,-0.869,-50.232,72.876,-35.217
0.683,-0.784,-0.849,-46.387,60.242,-30.945
0.645,-0.751,-0.827,-44.678,51.941,-28.503
0.625,-0.709,-0.840,-45.715,46.814,-25.818
0.602,-0.670,-0.882,-47.241,41.443,-23.193
0.581,-0.627,-0.913,-47.729,34.058,-19.714
0.553,-0.574,-0.932,-48.096,25.818,-19.104
0.509,-0.507,-0.905,-48.889,12.451,-19.470
0.473,-0.472,-0.835,-50.354,-3.723,-21.301
0.435,-0.432,-0.738,-52.917,-22.034,-23.254
0.377,-0.367,-0.608,-55.054,-35.950,-25.146
0.330,-0.287,-0.471,-54.626,-44.861,-27.466
0.297,-0.218,-0.354,-52.856,-50.476,-30.151
0.282,-0.166,-0.263,-50.720,-51.697,-34.668
0.281,-0.145,-0.219,-48.096,-49.438,-40.771
0.284,-0.135,-0.214,-42.664,-45.776,-46.021
0.286,-0.095,-0.210,-35.583,-44.373,-48.767
0.285,-0.027,-0.188,-27.405,-46.204,-52.856
0.828,-1.328,0.370,76.538,32.776,-84.656
0.870,-1.418,0.277,64.270,37.903,-79.224
0.908,-1.508,0.215,52.246,39.429,-73.242
0.931,-1.583,0.175,45.776,40.405,-64.758
0.958,-1.623,0.121,45.471,43.030,-54.932
0.977,-1.613,0.046,46.448,46.753,-44.006
0.955,-1.556,-0.037,44.189,48.950,-32.715
0.899,-1.454,-0.124,41.138,47.424,-23.254
0.836,-1.343,-0.213,36.377,43.823,-18.127
0.762,-1.248,-0.287,28.870,37.781,-18.372
0.735,-1.220,-0.348,18.982,30.701,-24.048
0.780,-1.282,-0.404,8.362,24.536,-32.104
0.866,-1.414,-0.479,0.854,19.470,-38.208
0.941,-1.555,-0.563,1.587,14.160,-39.368
0.996,-1.677,-0.595,10.742,4.761,-36.499
0.984,-1.723,-0.540,22.339,-9.827,-29.663
0.912,-1.692,-0.401,30.823,-26.672,-21.057
0.826,-1.628,-0.192,34.485,-41.931,-13.062
0.750,-1.559,0.025,29.785,-52.185,-6.531
0.689,-1.475,0.181,17.273,-53.528,-0.061
0.639,-1.373,0.243,2.197,-47.607,7.751
0.596,-1.271,0.225,-11.719,-38.086,15.625
0.569,-1.183,0.172,-20.935,-30.396,22.766
0.545,-1.107,0.122,-21.423,-22.888,26.855
0.504,-1.029,0.099,-17.761,-17.456,33.020
0.449,-0.953,0.098,-11.169,-13.428,38.879
0.383,-0.859,0.103,-2.563,-10.498,42.053
0.327,-0.775,0.114,3.296,-5.554,42.542
0.294,-0.723,0.107,7.446,-1.770,41.077
0.284,-0.687,0.115,7.629,1.953,38.025
0.298,-0.668,0.104,7.141,3.052,34.424
0.319,-0.659,0.060,4.944,6.592,31.189
0.341,-0.635,0.002,4.517,7.080,28.442
0.359,-0.602,-0.024,4.028,4.211,25.879
0.370,-0.578,-0.009,2.869,-0.366,21.179
0.377,-0.570,0.028,-0.366,-6.226,17.273
0.379,-0.580,0.079,-1.099,-10.132,11.902
0.384,-0.601,0.121,-0.488,-10.376,7.751
0.404,-0.615,0.135,4.700,-7.935,3.418
0.422,-0.640,0.124,7.935,-2.869,0.732
0.438,-0.671,0.112,11.047,-1.404,-1.465
0.470,-0.719,0.096,10.681,1.465,-5.310
0.502,-0.773,0.085,7.385,2.380,-7.263
0.537,-0.823,0.073,6.836,1.404,-9.277
0.558,-0.856,0.066,5.493,2.014,-10.254
0.572,-0.883,0.071,3.052,3.052,-8.972
0.579,-0.902,0.082,3.052,1.831,-7.690
0.589,-0.920,0.083,2.747,3.845,-8.240
0.594,-0.940,0.066,-0.122,7.446,-6.592
0.594,-0.951,0.039,0.122,8.789,-4.395
0.594,-0.952,0.011,1.526,10.193,-3.052
0.599,-0.960,-0.007,3.601,13.428,-3.967
0.612,-0.981,-0.024,3.723,14.099,-2.991
0.622,-0.997,-0.050,3.845,13.977,-2.258
0.625,-0.998,-0.079,1.404,14.343,-0.793
0.620,-0.991,-0.097,0.610,9.888,1.709
0.611,-0.973,-0.099,-1.587,7.080,2.808
0.599,-0.954,-0.093,-3.540,3.662,4.395
0.589,-0.942,-0.082,-3.967,1.343,5.981
0.571,-0.931,-0.065,-2.686,-0.061,7.568
0.555,-0.915,-0.039,-0.671,0.549,7.568
0.539,-0.899,-0.022,1.404,1.770,7.507
0.530,-0.883,-0.021,3.174,2.502,7.385
0.524,-0.876,-0.031,1.160,2.625,9.277
0.521,-0.872,-0.035,0.183,2.136,10.132
0.512,-0.860,-0.031,-0.732,1.343,9.827
0.503,-0.841,-0.031,-0.793,0.977,8.789
0.498,-0.823,-0.031,-1.282,0.427,7.751
0.495,-0.809,-0.029,-2.441,0.122,7.324
0.497,-0.799,-0.027,-4.456,0.732,6.897
0.495,-0.803,-0.022,-5.737,0.610,6.470
0.491,-0.810,-0.007,-3.235,-0.977,6.226
0.494,-0.819,0.002,0.061,-0.366,6.165
0.504,-0.831,0.002,2.808,1.221,5.310
0.519,-0.841,0.000,4.272,2.808,3.967
0.530,-0.855,-0.004,3.723,4.150,2.869
0.541,-0.855,-0.012,2.625,2.625,3.296
0.548,-0.849,-0.014,1.160,2.869,2.197
0.548,-0.840,-0.007,-2.258,1.587,3.113
0.540,-0.833,0.003,-5.676,0.549,2.930
0.539,-0.840,0.021,-8.484,0.977,1.099
0.546,-0.856,0.030,-8.911,0.366,1.099
0.547,-0.860,0.020,-8.423,3.418,1.221
0.551,-0.866,0.002,-5.798,6.653,1.648
0.555,-0.868,-0.011,-1.648,6.470,1.770
0.551,-0.865,-0.020,0.977,6.042,1.465
0.553,-0.862,-0.023,1.648,5.554,1.221
0.557,-0.865,-0.028,0.122,4.883,1.526
0.564,-0.872,-0.034,0.305,3.967,0.977
0.566,-0.879,-0.029,0.244,2.930,1.038
0.560,-0.883,-0.007,0.183,1.770,1.587
0.553,-0.892,0.012,-0.977,2.014,3.052
0.544,-0.897,0.030,-1.709,3.296,4.089
0.536,-0.890,0.039,-0.793,3.845,4.333
0.538,-0.887,0.032,0.427,5.188,4.456
0.542,-0.885,0.008,-1.953,5.981,6.775
0.545,-0.865,-0.009,-2.441,5.920,7.874
0.546,-0.847,-0.018,-2.625,6.653,6.714
0.549,-0.839,-0.017,-2.930,6.348,5.371
0.549,-0.845,-0.003,-3.357,4.639,4.639
0.547,-0.847,0.004,-5.310,5.249,4.822
0.544,-0.842,0.005,-3.967,5.127,4.883
0.533,-0.825,0.014,-2.258,5.554,5.127
0.538,-0.830,0.025,-1.953,5.615,4.761
0.539,-0.827,0.035,-1.282,5.432,4.028
0.549,-0.846,0.034,-2.319,6.348,3.967
0.559,-0.872,0.031,-2.563,8.240,3.662
0.565,-0.887,0.033,-0.732,9.705,2.686
0.581,-0.900,0.033,1.587,10.437,3.906
0.604,-0.917,0.028,5.066,13.977,3.723
0.646,-0.958,0.037,8.606,16.846,2.502
0.713,-1.009,0.044,12.451,19.104,1.770
0.791,-1.083,0.054,19.470,19.287,0.854
0.874,-1.170,0.062,25.513,20.752,1.648
0.938,-1.219,0.068,26.367,22.522,5.615
0.983,-1.246,0.066,25.208,24.231,10.132
0.992,-1.250,0.055,19.775,25.330,14.893
0.985,-1.254,0.034,10.132,24.536,18.555
0.969,-1.268,-0.002,-1.587,21.179,22.034
0.982,-1.397,-0.365,-25.452,22.278,31.311
0.986,-1.421,-0.418,-15.381,17.029,36.194
0.977,-1.435,-0.435,-6.409,13.062,41.748
0.988,-1.425,-0.423,2.075,6.836,48.645
0.997,-1.391,-0.385,10.803,1.587,54.077
0.998,-1.367,-0.348,14.221,-0.366,59.753
0.999,-1.349,-0.308,17.639,-4.333,63.782
0.984,-1.332,-0.275,16.235,-7.202,68.176
0.961,-1.315,-0.260,12.329,-9.399,73.914
0.919,-1.284,-0.272,6.287,-11.353,80.139
0.866,-1.239,-0.286,0.549,-14.465,85.144
0.824,-1.189,-0.253,-6.531,-21.973,90.454
0.781,-1.158,-0.194,-13.977,-27.466,93.140
0.733,-1.112,-0.111,-19.348,-32.410,95.886
0.676,-1.044,-0.035,-20.691,-36.987,98.511
0.611,-0.952,0.026,-21.118,-37.659,101.196
0.562,-0.853,0.067,-24.292,-36.743,104.980
0.516,-0.752,0.088,-28.503,-32.227,104.858
0.475,-0.661,0.096,-32.043,-31.189,104.248
0.441,-0.581,0.106,-35.828,-29.114,102.600
0.406,-0.503,0.129,-35.034,-27.832,98.145
0.381,-0.448,0.157,-33.325,-25.879,94.482
0.361,-0.394,0.176,-31.799,-22.888,92.651
0.346,-0.349,0.169,-27.161,-15.991,88.135
0.335,-0.314,0.141,-20.386,-7.568,83.252
0.327,-0.283,0.106,-11.902,-3.235,78.491
0.324,-0.263,0.071,-8.118,-0.732,75.012
0.314,-0.239,0.043,-4.211,1.282,70.435
0.305,-0.208,0.022,-3.113,2.502,67.505
0.296,-0.167,-0.002,-3.845,5.005,63.843
0.291,-0.137,-0.041,-5.981,8.545,58.044
0.294,-0.114,-0.097,-8.240,7.996,52.185
0.303,-0.104,-0.174,-13.855,8.606,46.387
0.311,-0.088,-0.250,-21.973,6.958,43.152
0.316,-0.074,-0.323,-27.405,4.639,39.490
0.318,-0.071,-0.398,-29.541,3.174,33.752
0.344,-0.076,-0.493,-30.701,0.977,28.931
0.353,-0.094,-0.594,-32.898,-1.221,26.855
0.372,-0.124,-0.691,-28.809,-1.526,23.071
0.395,-0.154,-0.763,-16.479,-2.563,19.531
0.427,-0.167,-0.828,0.305,-4.211,17.639
0.456,-0.170,-0.893,14.648,-5.127,17.944
0.490,-0.184,-0.960,28.992,-8.240,16.174
0.515,-0.201,-0.995,41.565,-15.320,14.160
0.548,-0.206,-1.015,48.889,-24.353,13.245
0.587,-0.237,-1.010,57.373,-34.058,10.071
0.618,-0.290,-0.947,65.002,-47.363,7.141
0.644,-0.340,-0.804,71.533,-60.913,5.249
0.684,-0.388,-0.642,78.491,-70.496,4.028
0.731,-0.443,-0.538,83.130,-73.059,5.066
0.755,-0.456,-0.472,84.167,-73.914,8.545
0.758,-0.417,-0.441,82.520,-73.547,12.207
0.760,-0.379,-0.420,82.214,-72.754,12.024
0.751,-0.373,-0.357,85.388,-78.003,8.850
0.775,-0.388,-0.223,89.172,-85.144,2.869
0.805,-0.443,-0.052,95.032,-91.797,-1.892
0.853,-0.547,0.096,106.323,-92.590,-4.272
0.872,-0.629,0.216,117.493,-87.341,-4.944
0.883,-0.690,0.286,126.526,-78.430,-4.211
0.890,-0.710,0.363,133.484,-71.777,-1.892
0.888,-0.715,0.433,137.573,-63.049,-0.671
0.883,-0.754,0.499,139.954,-56.213,-0.427
0.873,-0.818,0.583,138.550,-50.659,-0.916
0.844,-0.858,0.669,137.695,-47.241,-0.610
0.824,-0.877,0.716,136.169,-39.429,0.244
0.820,-0.870,0.718,133.850,-28.870,0.732
0.827,-0.839,0.656,127.625,-17.578,0.000
0.830,-0.824,0.555,116.455,-10.071,-1.221
0.828,-0.825,0.476,98.938,-8.789,-1.404
0.805,-0.830,0.460,86.853,-15.625,-2.197
0.761,-0.837,0.495,80.811,-20.630,-3.418
0.707,-0.827,0.560,77.332,-25.452,-2.563
0.637,-0.804,0.630,74.036,-27.710,-2.747
0.568,-0.764,0.691,66.833,-27.100,-2.319
0.501,-0.720,0.759,57.251,-25.635,-3.967
0.452,-0.673,0.786,42.847,-22.156,-5.432
0.424,-0.639,0.752,29.358,-13.733,-8.606
0.402,-0.618,0.675,19.043,-5.554,-10.254
0.389,-0.601,0.599,13.367,1.953,-12.146
0.357,-0.564,0.525,12.939,5.920,-12.634
0.296,-0.485,0.459,14.282,11.597,-12.451
0.233,-0.395,0.411,18.982,15.015,-13.794
0.180,-0.331,0.357,24.658,20.203,-19.165
0.148,-0.276,0.293,28.198,25.879,-25.635
0.134,-0.273,0.228,30.457,29.968,-34.424
0.149,-0.300,0.173,28.076,32.349,-43.274
0.167,-0.331,0.122,22.278,34.058,-51.575
0.190,-0.365,0.055,14.465,34.119,-56.885
0.217,-0.380,-0.004,10.742,31.250,-61.768
0.233,-0.374,-0.040,9.705,28.625,-67.261
0.247,-0.358,-0.073,11.719,24.963,-71.167
0.251,-0.351,-0.086,15.320,22.156,-76.233
0.248,-0.369,-0.074,15.808,17.517,-80.200
0.249,-0.391,-0.045,19.104,14.282,-86.548
0.283,-0.423,-0.011,23.437,14.587,-92.529
0.321,-0.477,-0.009,26.978,15.686,-97.595
0.390,-0.540,-0.032,28.625,18.433,-103.821
0.456,-0.626,-0.052,25.818,20.081,-107.544
0.527,-0.746,-0.065,24.475,17.151,-110.107
0.574,-0.843,-0.062,21.973,14.404,-110.901
0.616,-0.906,-0.034,18.127,8.667,-109.497
0.631,-0.971,0.041,15.076,2.808,-107.971
0.651,-1.052,0.131,12.634,0.183,-106.079
0.694,-1.143,0.186,12.756,3.174,-104.004
0.739,-1.221,0.203,17.151,9.888,-99.731
0.789,-1.291,0.197,28.015,18.494,-94.971
0.813,-1.328,0.161,37.537,25.452,-88.501
0.819,-1.331,0.116,40.222,30.151,-82.214
0.840,-1.331,0.078,36.682,30.762,-76.599
0.858,-1.349,0.066,30.212,30.701,-72.266
0.875,-1.358,0.072,22.705,27.893,-67.139
0.868,-1.358,0.083,14.282,27.954,-60.791
0.843,-1.361,0.091,9.644,29.602,-54.321
0.837,-1.356,0.084,9.705,31.555,-48.279
0.806,-1.352,0.101,14.099,32.532,-44.067
0.845,-1.421,0.123,19.958,35.339,-41.931
0.867,-1.466,0.132,28.503,39.246,-37.048
0.868,-1.511,0.148,35.767,39.917,-31.860
0.898,-1.539,0.183,36.133,37.842,-26.917
0.889,-1.629,0.347,25.146,33.569,-12.207
0.825,-1.614,0.456,20.630,31.982,-4.089
0.771,-1.601,0.563,17.761,33.691,1.221
0.723,-1.609,0.627,12.329,41.138,7.080
0.672,-1.601,0.619,5.493,51.880,13.855
0.648,-1.596,0.540,0.427,65.002,20.630
0.622,-1.594,0.403,-3.662,78.247,28.931
0.589,-1.569,0.245,-5.798,86.304,36.743
0.564,-1.529,0.109,-8.423,89.172,43.640
0.536,-1.473,0.029,-10.376,82.764,49.194
0.491,-1.393,0.042,-18.250,73.242,53.284
0.448,-1.318,0.110,-31.494,59.875,56.396
0.391,-1.247,0.178,-47.058,53.528,57.495
0.338,-1.176,0.203,-59.265,53.040,58.777
0.296,-1.112,0.206,-66.772,57.068,58.838
0.279,-1.071,0.198,-68.237,62.012,58.228
0.283,-1.023,0.180,-65.918,68.481,57.068
0.283,-0.975,0.167,-61.768,73.914,56.946
0.271,-0.929,0.139,-57.556,80.811,55.359
0.270,-0.898,0.088,-55.969,86.304,54.565
0.263,-0.880,0.022,-56.702,91.370,51.880
0.268,-0.862,-0.034,-58.716,92.712,49.377
0.288,-0.843,-0.078,-62.378,93.628,46.631
0.283,-0.803,-0.096,-65.247,90.698,44.861
0.279,-0.758,-0.126,-70.374,90.942,41.809
0.280,-0.720,-0.181,-77.576,92.041,40.039
0.276,-0.677,-0.226,-81.604,93.262,36.804
0.274,-0.651,-0.263,-83.130,93.933,33.325
0.287,-0.639,-0.321,-82.825,95.215,29.358
0.315,-0.631,-0.396,-80.933,98.206,23.560
0.339,-0.621,-0.461,-82.458,97.595,19.592
0.353,-0.606,-0.503,-86.121,94.482,16.724
0.361,-0.579,-0.533,-89.050,90.332,13.000
0.357,-0.550,-0.555,-92.590,88.318,8.850
0.355,-0.525,-0.587,-94.299,84.351,4.089
0.359,-0.531,-0.629,-97.534,84.045,-1.587
0.364,-0.565,-0.687,-100.281,80.994,-5.676
0.389,-0.615,-0.745,-97.168,80.322,-12.268
0.430,-0.669,-0.807,-89.661,80.078,-15.442
0.470,-0.697,-0.868,-78.003,77.209,-16.663
0.501,-0.715,-0.902,-66.284,74.097,-18.799
0.532,-0.736,-0.901,-55.786,67.688,-20.081
0.567,-0.763,-0.883,-49.622,60.364,-21.423
0.589,-0.806,-0.854,-48.706,53.345,-23.499
0.616,-0.858,-0.839,-51.575,46.753,-24.231
0.647,-0.917,-0.861,-53.589,42.603,-24.719
0.685,-0.985,-0.902,-53.467,39.429,-25.208
0.715,-1.064,-0.921,-49.438,33.691,-24.536
0.765,-1.162,-0.918,-39.185,28.259,-24.048
0.842,-1.275,-0.910,-24.902,23.621,-21.179
0.917,-1.392,-0.888,-7.996,20.142,-17.578
0.973,-1.468,-0.862,6.714,14.404,-9.583
1.008,-1.534,-0.829,19.836,8.728,-2.319
1.022,-1.599,-0.782,27.954,0.183,6.531
1.019,-1.663,-0.675,32.043,-9.155,15.076
1.004,-1.712,-0.531,33.691,-20.020,24.414
0.974,-1.732,-0.412,31.006,-25.818,35.095
0.928,-1.705,-0.337,25.879,-27.466,47.119
0.880,-1.650,-0.305,19.836,-26.428,58.044
0.842,-1.579,-0.304,13.000,-24.597,67.871
0.810,-1.505,-0.322,6.348,-23.071,76.233
0.771,-1.412,-0.361,1.038,-22.095,83.740
0.739,-1.303,-0.407,-1.343,-21.301,90.332
0.719,-1.214,-0.437,-0.305,-22.400,95.337
0.687,-1.131,-0.439,0.427,-25.513,99.487
0.651,-1.069,-0.403,1.648,-30.884,102.112
0.617,-1.004,-0.349,3.296,-35.645,104.065
0.581,-0.943,-0.293,4.639,-37.781,105.042
0.543,-0.875,-0.255,3.296,-38.940,106.934
0.517,-0.810,-0.234,1.892,-40.649,107.361
0.501,-0.748,-0.206,-2.808,-41.016,106.201
0.493,-0.697,-0.148,-7.324,-43.945,104.126
0.493,-0.654,-0.095,-11.963,-44.434,101.563
0.492,-0.606,-0.081,-16.174,-42.480,100.525
0.480,-0.543,-0.080,-21.240,-40.344,100.952
0.461,-0.485,-0.083,-24.475,-39.551,100.220
0.446,-0.424,-0.092,-25.879,-38.879,98.267
0.426,-0.351,-0.104,-25.452,-38.879,96.130
0.413,-0.254,-0.112,-23.926,-39.063,94.788
0.412,-0.174,-0.120,-18.616,-36.865,90.698
0.410,-0.119,-0.119,-12.146,-34.302,85.205
0.416,-0.089,-0.112,-5.005,-32.043,77.332
0.424,-0.085,-0.094,-0.061,-33.386,71.655
0.431,-0.082,-0.077,2.747,-33.569,66.040
0.432,-0.089,-0.048,5.127,-32.410,59.204
0.435,-0.101,-0.010,10.254,-33.813,52.979
0.442,-0.114,0.041,12.756,-35.156,49.011
0.450,-0.128,0.108,14.526,-34.485,44.250
0.462,-0.131,0.162,15.198,-30.884,39.795
0.471,-0.130,0.183,15.442,-26.367,36.133
0.485,-0.139,0.172,14.832,-19.958,30.457
0.521,-0.167,0.157,13.245,-15.686,25.391
0.537,-0.200,0.153,12.573,-14.221,21.240
0.565,-0.212,0.153,11.780,-13.611,17.883
0.580,-0.231,0.158,9.949,-12.756,13.489
0.608,-0.251,0.153,7.629,-13.794,9.338
0.632,-0.272,0.144,1.160,-14.465,7.446
0.651,-0.302,0.148,-3.418,-15.747,5.066
0.669,-0.343,0.163,-5.188,-14.709,2.869
0.695,-0.380,0.183,-2.380,-14.465,1.892
0.723,-0.405,0.187,0.488,-10.132,1.709
0.739,-0.428,0.187,5.798,-8.179,1.282
0.754,-0.429,0.195,7.324,-7.446,2.625
0.763,-0.424,0.203,7.507,-6.348,2.380
0.767,-0.424,0.210,6.165,-5.676,2.014
0.776,-0.424,0.213,3.296,-5.737,2.869
0.781,-0.420,0.223,1.770,-2.502,0.854
0.796,-0.427,0.236,2.441,-0.610,-0.488
0.809,-0.431,0.229,2.014,2.319,-1.160
0.815,-0.432,0.205,0.122,6.714,-1.099
0.818,-0.436,0.169,0.061,10.315,-1.953
0.819,-0.449,0.141,1.587,11.230,-3.418
0.833,-0.469,0.114,0.977,12.329,-3.052
0.848,-0.482,0.083,2.258,13.855,-4.089
0.857,-0.487,0.061,2.686,13.245,-3.845
0.855,-0.498,0.055,3.662,12.756,-4.456
0.860,-0.504,0.050,3.601,10.742,-3.479
0.858,-0.512,0.044,4.089,11.353,-4.333
0.859,-0.512,0.044,3.601,9.277,-3.784
0.746,-1.861,-0.141,-17.029,32.104,-119.446
0.784,-1.929,-0.197,-22.522,26.428,-107.361
0.789,-1.938,-0.239,-24.109,20.813,-93.628
0.800,-1.943,-0.306,-21.301,17.456,-79.834
0.800,-1.909,-0.352,-14.465,13.611,-66.833
0.804,-1.866,-0.395,-4.700,10.986,-55.420
0.797,-1.825,-0.423,3.784,7.629,-44.556
0.791,-1.828,-0.470,10.254,5.371,-33.875
0.782,-1.814,-0.509,18.738,2.808,-23.560
0.757,-1.792,-0.555,29.114,0.854,-13.489
0.724,-1.741,-0.597,39.429,-1.648,-3.540
0.698,-1.668,-0.630,49.683,-5.005,5.310
0.679,-1.588,-0.660,58.411,-8.667,13.123
0.653,-1.508,-0.699,63.782,-12.573,19.653
0.622,-1.436,-0.776,64.453,-17.456,26.062
0.584,-1.360,-0.834,61.096,-25.574,30.762
0.532,-1.271,-0.889,55.298,-36.133,33.997
0.486,-1.212,-0.896,48.828,-48.157,36.743
0.444,-1.169,-0.879,47.363,-58.899,38.513
0.406,-1.130,-0.827,51.880,-68.237,39.978
0.365,-1.077,-0.773,59.570,-74.585,42.053
0.341,-1.000,-0.717,67.017,-78.979,43.640
0.361,-0.934,-0.650,72.815,-83.252,42.175
0.398,-0.900,-0.610,73.853,-87.463,39.795
0.422,-0.882,-0.608,68.115,-91.003,38.269
0.410,-0.851,-0.628,58.472,-97.229,37.598
0.402,-0.825,-0.633,49.744,-106.567,35.950
0.360,-0.813,-0.564,45.715,-119.385,33.569
0.316,-0.817,-0.423,48.279,-132.324,31.128
0.273,-0.823,-0.201,57.556,-143.005,28.015
0.233,-0.818,0.042,68.665,-146.912,24.536
0.218,-0.825,0.277,76.416,-144.409,20.569
0.212,-0.838,0.435,77.942,-134.827,17.578
0.236,-0.851,0.466,75.928,-119.141,15.015
0.290,-0.887,0.390,72.632,-101.135,13.123
0.340,-0.889,0.286,65.674,-89.172,12.085
0.371,-0.872,0.207,56.519,-87.036,11.108
0.375,-0.881,0.237,50.232,-94.849,8.972
0.363,-0.895,0.370,48.645,-106.201,6.592
0.324,-0.916,0.561,51.025,-114.807,5.005
0.286,-0.903,0.769,54.321,-116.516,3.601
0.263,-0.919,0.999,56.763,-112.549,1.526
0.264,-0.903,1.175,54.199,-101.318,-0.366
0.302,-0.894,1.206,47.668,-82.947,-1.526
0.297,-0.916,1.215,40.894,-65.735,-3.357
0.367,-0.974,1.169,33.203,-48.523,-6.409
0.404,-1.007,1.089,26.794,-34.363,-7.080
0.426,-1.015,0.995,21.912,-23.987,-6.348
0.438,-1.021,0.926,20.142,-16.113,-6.104
0.433,-1.022,0.868,18.188,-10.132,-6.165
0.434,-1.035,0.802,15.320,-4.150,-6.714
0.448,-1.095,0.748,13.733,1.038,-8.118
0.483,-1.186,0.689,13.550,6.592,-9.338
0.527,-1.290,0.597,12.085,12.878,-8.789
0.580,-1.389,0.474,8.118,18.188,-6.226
0.646,-1.472,0.342,3.479,20.325,-2.625
0.714,-1.525,0.244,0.244,18.066,1.465
0.760,-1.557,0.194,-3.113,12.634,7.019
0.781,-1.577,0.168,-7.751,6.653,14.160
0.802,-1.583,0.150,-11.353,2.075,20.874
0.816,-1.575,0.135,-12.634,-1.099,27.527
0.827,-1.553,0.123,-13.916,-3.357,33.752
0.845,-1.536,0.110,-15.747,-5.737,40.161
0.848,-1.532,0.116,-17.578,-8.423,45.715
0.846,-1.509,0.150,-19.104,-11.475,50.842
0.828,-1.492,0.175,-21.973,-13.062,57.312
0.805,-1.482,0.186,-25.391,-12.573,63.416
0.754,-1.454,0.174,-30.640,-11.597,69.824
0.756,-1.407,0.148,-36.377,-11.169,75.684
0.700,-1.349,0.151,-40.283,-13.184,78.857
0.660,-1.286,0.143,-47.546,-14.160,84.473
0.635,-1.222,0.132,-51.819,-15.076,88.745
0.596,-1.141,0.125,-55.969,-15.015,92.285
0.558,-1.052,0.110,-57.983,-16.846,95.459
0.525,-0.965,0.100,-60.364,-15.930,96.069
0.492,-0.872,0.094,-64.270,-16.296,97.839
0.462,-0.788,0.072,-66.833,-16.174,97.473
0.441,-0.707,0.046,-67.383,-15.259,97.534
0.423,-0.630,0.030,-63.049,-13.367,95.276
0.406,-0.550,0.020,-56.519,-12.024,93.506
0.384,-0.481,0.015,-49.805,-10.864,91.003
0.367,-0.426,0.002,-44.373,-10.437,87.036
0.353,-0.377,-0.006,-42.175,-12.146,83.923
0.355,-0.326,-0.009,-40.405,-15.320,79.773
0.321,-0.278,0.020,-39.429,-17.822,74.829
0.299,-0.201,0.051,-38.269,-20.264,71.411
0.281,-0.168,0.092,-33.630,-21.973,66.467
0.271,-0.134,0.155,-30.151,-23.865,58.838
0.276,-0.107,0.213,-29.907,-23.376,53.223
0.275,-0.091,0.255,-30.334,-22.705,48.584
0.273,-0.066,0.293,-31.677,-18.799,42.908
0.262,-0.049,0.355,-30.762,-16.602,37.292
0.263,-0.040,0.428,-27.039,-12.451,31.433
0.267,-0.036,0.483,-22.156,-5.981,26.733
0.272,-0.025,0.518,-16.174,1.831,20.691
0.278,-0.034,0.576,-13.977,9.155,14.771
0.306,-0.078,0.657,-13.306,12.756,7.568
0.335,-0.134,0.710,-14.832,20.325,1.526
0.364,-0.181,0.720,-14.099,31.189,-1.526
0.380,-0.207,0.692,-10.681,41.931,-3.296
0.390,-0.233,0.670,-6.409,51.147,-5.493
0.409,-0.281,0.706,-3.235,55.908,-8.484
0.437,-0.339,0.756,-2.563,59.082,-13.123
0.469,-0.404,0.804,-6.226,63.171,-15.869
0.491,-0.462,0.851,-8.179,68.420,-19.104
0.498,-0.507,0.886,-12.329,76.111,-19.348
0.498,-0.540,0.888,-14.648,86.548,-18.982
0.500,-0.573,0.848,-13.855,95.459,-18.250
0.510,-0.597,0.767,-14.465,106.201,-18.372
0.535,-0.632,0.665,-16.785,113.892,-17.761
0.564,-0.673,0.556,-21.362,119.263,-18.372
0.593,-0.700,0.475,-26.611,121.155,-19.836
0.615,-0.727,0.413,-31.616,119.568,-18.372
0.632,-0.744,0.343,-35.400,118.469,-16.357
0.648,-0.737,0.260,-41.138,118.164,-14.954
0.657,-0.732,0.172,-46.997,117.676,-15.076
0.677,-0.743,0.092,-50.049,115.295,-16.724
0.709,-0.764,0.019,-52.917,111.511,-16.663
0.729,-0.776,-0.040,-54.504,107.056,-15.198
