aX,aY,aZ,gX,gY,gZ
0.879,-0.543,1.207,-1.587,-55.115,-151.428
0.810,-0.606,1.190,3.906,-31.372,-144.470
0.750,-0.645,1.177,8.423,-11.780,-137.390
0.764,-0.682,1.173,11.353,5.188,-135.803
0.747,-0.713,1.174,17.090,20.264,-141.052
0.651,-0.777,1.145,26.672,32.166,-151.062
0.522,-0.891,1.105,32.104,42.542,-157.410
0.477,-0.903,1.075,29.541,55.969,-152.954
0.472,-0.964,1.075,28.625,70.923,-143.860
0.410,-1.022,1.076,28.015,81.482,-137.329
0.369,-1.048,1.062,27.771,87.463,-132.080
0.343,-1.104,1.008,36.194,92.468,-124.451
0.308,-1.126,0.932,49.438,98.328,-110.352
0.302,-1.112,0.858,60.608,102.783,-93.689
0.307,-1.080,0.770,69.458,104.004,-80.933
0.331,-1.023,0.684,77.698,104.187,-73.181
0.346,-0.985,0.592,83.374,104.553,-68.420
0.316,-0.971,0.523,83.191,101.685,-68.481
0.293,-0.973,0.448,77.820,96.191,-72.632
0.288,-0.988,0.395,71.777,94.299,-72.632
0.231,-1.004,0.365,64.880,92.102,-68.665
0.161,-1.050,0.348,56.702,87.280,-65.247
0.094,-1.125,0.341,50.415,81.787,-61.096
0.029,-1.187,0.301,49.194,77.637,-52.673
0.070,-1.217,0.314,54.565,78.613,-39.307
0.028,-1.238,0.272,61.218,75.745,-26.001
0.039,-1.242,0.271,66.833,75.867,-16.357
0.072,-1.295,0.282,70.557,69.458,-5.432
0.077,-1.260,0.258,66.406,55.176,2.502
0.132,-1.176,0.254,60.364,39.856,7.324
0.141,-1.118,0.152,59.692,21.729,7.935
0.147,-1.057,0.066,69.214,4.700,4.944
0.140,-1.025,0.015,82.520,-8.606,-0.244
0.126,-1.006,0.041,90.454,-17.456,-1.831
0.114,-1.051,0.078,89.355,-20.813,3.479
0.118,-1.099,0.127,77.087,-17.395,15.137
0.156,-1.104,0.162,61.096,-4.211,28.564
0.187,-1.106,0.172,46.875,16.113,44.373
0.197,-1.095,0.166,33.569,39.429,61.157
0.143,-1.060,0.130,17.883,57.800,75.195
0.113,-0.999,0.091,5.310,72.693,85.876
0.160,-0.954,0.099,-6.104,83.618,94.727
0.216,-0.938,0.161,-17.639,77.820,99.792
0.116,-0.954,0.177,-24.414,60.486,96.436
0.252,-1.015,0.303,-22.888,57.190,92.590
0.284,-1.064,0.387,-20.264,54.626,94.055
0.332,-1.081,0.477,-16.052,57.434,99.243
0.408,-1.013,0.495,-9.705,68.298,105.408
0.411,-0.904,0.406,-2.991,75.745,109.924
0.549,-0.821,0.385,3.418,80.505,109.192
0.455,-0.753,0.323,7.629,69.946,101.074
0.543,-0.761,0.346,10.376,64.514,92.041
0.501,-0.759,0.319,10.925,64.758,84.473
0.598,-0.780,0.333,12.207,70.923,83.679
0.443,-0.735,0.261,12.512,69.702,83.496
0.530,-0.717,0.231,14.832,76.660,85.876
0.800,-0.735,0.281,13.000,79.895,91.187
0.667,-0.620,0.297,13.184,57.251,84.045
0.517,-0.614,0.202,28.320,58.777,76.660
0.605,-0.625,0.120,33.630,92.102,90.454
0.601,-0.511,0.021,20.752,101.135,96.619
0.737,-0.526,0.013,12.878,94.238,89.233
0.720,-0.523,0.072,12.146,73.181,72.815
0.554,-0.559,0.087,23.926,57.068,51.575
0.693,-0.698,0.116,41.626,61.584,45.532
0.631,-0.663,0.091,48.645,50.354,39.978
0.481,-0.612,0.012,61.279,41.321,36.987
0.637,-0.655,-0.024,74.463,49.316,45.837
0.445,-0.529,-0.100,71.472,40.833,49.316
0.388,-0.550,-0.211,71.960,40.039,52.368
0.568,-0.649,-0.126,68.176,48.889,64.270
0.497,-0.606,-0.148,58.960,22.156,57.434
0.365,-0.645,-0.123,69.092,3.906,48.035
0.395,-0.736,-0.093,86.853,-2.441,41.992
0.199,-0.646,-0.227,100.098,-19.653,30.457
0.280,-0.644,-0.255,114.380,-26.367,32.227
0.291,-0.604,-0.326,121.399,-46.021,35.828
0.221,-0.522,-0.357,124.512,-68.848,38.269
0.117,-0.493,-0.396,125.122,-77.698,50.049
0.153,-0.500,-0.356,114.258,-74.402,73.242
0.143,-0.393,-0.375,90.576,-84.656,90.576
0.232,-0.310,-0.332,70.923,-92.712,103.638
0.304,-0.288,-0.233,57.739,-100.159,109.680
0.349,-0.280,-0.121,48.035,-109.619,105.530
0.417,-0.297,-0.015,45.532,-117.493,97.046
0.451,-0.296,0.062,50.293,-125.793,87.708
0.446,-0.284,0.114,56.702,-133.484,81.360
0.443,-0.246,0.135,60.547,-138.306,78.308
0.475,-0.206,0.161,63.416,-140.564,76.355
0.491,-0.160,0.148,62.866,-139.160,75.806
0.510,-0.097,0.147,58.167,-134.216,77.393
0.522,-0.039,0.116,54.688,-129.883,78.674
0.532,0.012,0.088,53.162,-129.089,76.660
0.518,0.066,0.079,50.598,-133.057,71.960
0.487,0.104,0.102,43.152,-137.512,67.078
0.482,0.119,0.136,31.189,-135.925,66.223
0.488,0.115,0.179,17.395,-130.066,68.237
0.507,0.088,0.234,5.676,-122.559,71.716
0.547,0.059,0.285,-1.404,-114.868,73.364
0.579,0.056,0.312,-4.578,-108.948,71.228
0.572,0.074,0.314,-5.981,-105.652,66.711
0.569,0.100,0.315,-8.728,-104.858,61.462
0.569,0.129,0.338,-14.771,-105.164,57.190
0.566,0.124,0.364,-25.146,-105.591,56.213
0.589,0.113,0.397,-38.208,-103.516,60.059
0.614,0.088,0.447,-49.561,-99.426,67.078
0.669,0.054,0.490,-57.129,-95.032,72.388
0.722,0.037,0.534,-59.204,-90.576,74.219
0.743,0.049,0.571,-56.946,-87.646,72.815
0.750,0.062,0.623,-54.138,-84.900,69.702
0.792,0.066,0.681,-54.382,-79.102,67.383
0.850,0.073,0.706,-57.983,-71.228,66.956
0.866,0.057,0.715,-60.730,-64.575,67.810
0.847,0.041,0.716,-57.861,-60.608,65.369
0.850,0.057,0.701,-48.279,-59.143,56.213
0.846,0.105,0.654,-34.302,-60.364,41.565
0.814,0.130,0.620,-20.447,-61.584,27.771
0.776,0.150,0.601,-13.245,-60.547,19.775
0.770,0.179,0.564,-14.343,-57.007,15.991
1.066,0.899,0.687,36.621,-271.240,40.649
1.119,0.846,0.786,39.490,-271.912,29.053
1.138,0.801,0.820,45.105,-273.682,15.625
1.103,0.760,0.833,50.293,-272.461,5.493
1.025,0.713,0.865,52.368,-268.555,-3.479
0.959,0.618,0.918,49.805,-262.146,-11.353
0.898,0.537,0.990,42.480,-250.549,-15.442
0.861,0.504,1.028,35.034,-236.511,-18.555
0.782,0.458,1.087,32.104,-221.863,-22.095
0.732,0.413,1.152,31.372,-206.604,-28.809
0.752,0.381,1.236,30.212,-187.805,-36.804
0.779,0.332,1.282,25.818,-168.213,-42.419
0.774,0.298,1.311,18.127,-149.109,-46.814
0.737,0.239,1.332,13.123,-130.920,-50.964
0.769,0.140,1.508,11.963,-112.427,-53.711
0.498,0.104,1.366,9.521,-106.506,-60.242
0.552,0.009,1.422,17.639,-89.661,-67.444
0.472,-0.050,1.454,17.944,-77.820,-66.345
0.410,-0.064,1.445,12.939,-69.824,-64.758
0.312,-0.055,1.412,17.151,-61.951,-62.988
0.306,-0.090,1.424,30.273,-47.974,-65.552
0.330,-0.121,1.420,37.659,-39.734,-69.885
0.341,-0.144,1.391,35.950,-32.043,-69.458
0.359,-0.181,1.368,34.363,-20.874,-64.636
0.392,-0.169,1.351,37.109,-9.033,-61.523
0.421,-0.150,1.298,44.495,-1.343,-62.622
0.457,-0.118,1.238,54.810,3.296,-65.674
0.474,-0.084,1.190,64.087,8.423,-68.054
0.468,-0.052,1.146,68.787,13.855,-68.359
0.457,-0.081,1.092,66.895,18.372,-68.298
0.456,-0.105,1.057,59.875,18.982,-69.824
0.464,-0.122,1.029,54.688,18.311,-70.374
0.478,-0.139,1.023,54.626,24.597,-66.833
0.463,-0.171,1.032,56.885,34.607,-61.523
0.424,-0.190,1.000,55.420,44.067,-56.274
0.430,-0.211,0.935,51.758,53.223,-53.345
0.422,-0.254,0.901,49.866,59.631,-54.321
0.414,-0.269,0.892,48.706,64.880,-55.603
0.424,-0.253,0.896,45.776,69.946,-53.162
0.419,-0.255,0.892,40.833,70.618,-47.058
0.423,-0.278,0.868,35.156,68.176,-39.856
0.422,-0.290,0.859,30.334,65.735,-33.936
0.431,-0.305,0.850,27.344,64.270,-29.175
0.480,-0.395,0.822,29.785,62.012,-21.423
0.421,-0.343,0.847,46.021,55.908,-3.418
0.430,-0.316,0.824,52.979,51.392,3.601
0.495,-0.282,0.809,46.448,49.072,-0.793
0.518,-0.301,0.829,29.602,46.204,-7.019
0.499,-0.323,0.848,7.874,48.828,-6.104
0.519,-0.345,0.819,-10.193,58.411,-0.916
0.512,-0.358,0.760,-20.508,65.430,6.470
0.496,-0.345,0.732,-22.705,67.322,11.597
0.452,-0.339,0.706,-20.203,66.956,13.977
0.554,-0.299,0.757,-16.602,70.862,16.357
0.465,-0.395,0.689,-12.695,65.735,19.226
0.483,-0.355,0.698,-6.958,61.829,8.301
0.548,-0.376,0.679,-3.113,58.960,4.089
0.553,-0.362,0.682,-8.057,52.673,7.385
0.518,-0.349,0.657,-15.991,45.471,11.169
0.507,-0.347,0.641,-19.470,39.978,14.832
0.473,-0.342,0.606,-17.090,32.776,16.907
0.456,-0.325,0.590,-9.399,23.254,14.282
0.463,-0.328,0.623,1.404,15.381,8.789
0.498,-0.327,0.658,7.690,11.780,6.897
0.523,-0.285,0.670,4.883,12.451,9.460
0.525,-0.262,0.688,3.052,13.062,12.817
0.531,-0.280,0.717,3.052,13.794,16.296
0.555,-0.295,0.751,2.014,14.771,19.348
0.559,-0.318,0.754,0.916,13.550,22.156
0.558,-0.310,0.758,-0.977,11.169,21.790
0.559,-0.288,0.751,-2.563,8.972,18.066
0.570,-0.265,0.742,-2.014,6.348,12.939
0.575,-0.256,0.733,-0.061,3.967,9.399
0.571,-0.249,0.723,1.099,1.770,7.324
0.556,-0.238,0.723,1.221,-0.061,6.042
0.557,-0.222,0.721,0.488,-1.038,5.981
0.565,-0.201,0.699,0.244,-1.648,7.935
0.588,-0.211,0.725,4.578,-1.831,10.986
0.603,-0.224,0.737,6.409,-0.488,14.526
0.614,-0.203,0.749,5.798,0.488,16.541
0.607,-0.205,0.737,6.287,0.122,17.029
0.599,-0.205,0.732,7.141,-0.366,15.991
0.592,-0.209,0.744,7.935,-0.427,13.489
0.592,-0.218,0.732,6.897,-0.244,11.292
0.588,-0.235,0.745,6.104,-0.366,9.033
0.589,-0.237,0.758,5.432,0.122,6.958
0.584,-0.240,0.771,4.517,0.793,6.165
0.586,-0.231,0.783,3.723,1.526,5.249
0.586,-0.243,0.774,2.991,1.465,4.395
0.588,-0.249,0.775,2.136,1.160,3.723
0.587,-0.260,0.771,1.343,0.610,3.235
0.594,-0.252,0.753,0.732,0.488,3.662
0.586,-0.244,0.746,2.014,-0.061,4.639
0.580,-0.233,0.740,3.235,-0.366,5.432
0.595,-0.214,0.743,3.418,0.000,6.714
0.603,-0.199,0.758,2.380,0.671,8.972
0.609,-0.184,0.743,-0.061,2.197,12.512
0.614,-0.174,0.759,-2.197,4.944,14.160
0.621,-0.194,0.776,-3.113,6.287,13.184
0.619,-0.210,0.784,-5.920,7.141,10.925
0.619,-0.201,0.771,-8.606,8.545,8.484
0.623,-0.182,0.738,-7.446,8.728,6.348
0.609,-0.205,0.782,-1.282,7.324,4.700
0.632,-0.210,0.777,0.244,8.850,3.113
0.622,-0.197,0.758,-2.319,9.888,3.906
0.614,-0.192,0.750,-1.587,10.376,4.700
0.612,-0.180,0.745,-0.244,10.620,4.456
0.610,-0.171,0.734,1.221,10.681,3.723
0.614,-0.168,0.719,1.892,10.376,3.723
0.611,-0.164,0.707,0.366,10.132,4.456
0.607,-0.165,0.693,-1.343,9.094,4.517
0.599,-0.170,0.703,-2.441,8.179,3.784
0.599,-0.180,0.703,-3.601,7.812,3.235
0.604,-0.184,0.693,-4.517,7.812,2.563
0.598,-0.176,0.676,-3.052,6.592,1.343
0.590,-0.184,0.688,2.441,4.211,0.427
0.580,-0.208,0.729,6.897,3.662,0.427
0.585,-0.227,0.742,4.578,5.188,0.732
0.580,-0.225,0.731,-2.136,5.371,0.671
1.272,0.563,0.800,-56.763,161.011,129.517
1.248,0.639,0.744,-64.880,173.340,130.310
0.963,0.753,0.486,-71.350,190.002,130.310
1.084,0.706,0.547,-58.716,226.379,127.625
1.120,0.557,0.505,-46.265,236.145,112.427
1.017,0.546,0.427,-42.603,228.455,90.027
1.007,0.490,0.373,-36.377,224.609,72.998
1.283,0.380,0.473,-26.672,215.027,57.373
1.479,0.352,0.607,-27.893,164.978,38.391
1.546,0.347,0.657,-38.452,92.590,24.109
1.530,0.569,0.622,-41.138,32.532,10.925
1.116,0.880,0.341,-47.119,5.554,17.639
1.489,0.888,0.502,-56.641,45.532,41.260
1.269,0.629,0.443,-98.877,50.293,68.909
0.783,0.670,0.258,-168.579,54.504,103.271
0.448,0.522,0.209,-186.829,101.807,115.417
1.195,0.530,0.456,-169.556,133.850,70.679
1.014,0.408,0.434,-149.658,88.684,43.701
0.409,0.552,0.194,-129.211,31.677,19.470
0.346,0.562,0.247,-67.566,62.134,-9.827
0.634,0.467,0.227,-11.169,111.084,-39.612
0.803,0.672,0.199,-2.747,132.690,-62.683
0.838,0.782,0.076,-22.949,135.315,-63.965
0.786,0.741,-0.003,-44.617,149.231,-62.439
0.803,0.745,0.016,-59.753,181.091,-78.735
0.924,0.814,0.094,-68.115,213.989,-96.252
1.037,0.787,0.148,-77.393,227.966,-93.018
0.832,0.710,-0.029,-93.018,217.834,-69.763
0.710,0.625,-0.088,-101.501,209.290,-48.584
0.693,0.524,-0.133,-101.685,188.904,-44.373
0.685,0.483,-0.176,-98.083,155.334,-49.194
0.688,0.474,-0.202,-89.600,120.728,-52.368
0.727,0.457,-0.174,-75.989,93.628,-52.795
0.780,0.446,-0.161,-61.523,74.341,-54.688
0.813,0.438,-0.156,-51.758,61.218,-55.603
0.795,0.408,-0.173,-46.570,54.810,-52.734
0.762,0.417,-0.221,-45.105,53.467,-48.584
0.735,0.428,-0.291,-43.945,55.847,-45.959
0.820,0.496,-0.246,-43.091,57.800,-47.058
0.769,0.465,-0.296,-47.241,47.791,-49.622
0.742,0.471,-0.316,-56.396,41.565,-50.598
0.754,0.433,-0.315,-64.636,44.434,-47.546
0.745,0.405,-0.316,-73.425,46.143,-44.922
0.714,0.383,-0.319,-82.703,47.119,-41.626
0.681,0.364,-0.337,-90.759,49.255,-36.499
0.654,0.367,-0.351,-98.267,50.354,-32.349
0.634,0.357,-0.364,-104.004,48.462,-29.907
0.615,0.329,-0.359,-107.483,44.373,-29.419
0.611,0.294,-0.352,-107.605,38.574,-30.518
0.598,0.273,-0.359,-103.882,32.227,-31.921
0.577,0.254,-0.352,-98.633,25.085,-33.386
0.551,0.233,-0.348,-93.506,17.029,-35.400
0.515,0.203,-0.329,-90.027,7.935,-37.415
0.474,0.194,-0.322,-87.769,-0.061,-38.208
0.427,0.185,-0.315,-84.717,-7.324,-37.659
0.413,0.183,-0.322,-81.482,-15.564,-37.842
0.416,0.164,-0.307,-79.773,-25.696,-40.222
0.425,0.128,-0.277,-79.163,-37.292,-44.006
0.426,0.084,-0.242,-78.003,-47.363,-45.166
0.419,0.054,-0.204,-76.904,-55.298,-43.518
0.400,0.035,-0.171,-74.341,-63.477,-42.480
0.390,-0.005,-0.158,-70.618,-72.571,-41.504
0.414,-0.013,-0.172,-67.200,-82.703,-41.809
0.427,0.034,-0.203,-62.805,-94.604,-45.044
0.394,0.016,-0.185,-57.861,-107.117,-50.171
0.371,-0.036,-0.125,-58.289,-116.882,-53.467
0.372,-0.080,-0.078,-63.416,-123.535,-53.040
0.409,-0.092,-0.054,-68.604,-125.183,-49.133
0.450,-0.122,-0.004,-71.960,-123.169,-43.579
0.463,-0.183,0.038,-78.552,-118.896,-37.292
0.468,-0.221,0.085,-87.952,-113.525,-31.250
0.479,-0.265,0.107,-94.421,-108.582,-25.879
0.495,-0.289,0.121,-94.604,-106.201,-21.973
0.497,-0.282,0.112,-89.600,-108.276,-19.958
0.484,-0.289,0.110,-82.214,-114.746,-20.752
0.444,-0.306,0.130,-73.914,-123.291,-24.292
0.422,-0.352,0.159,-64.819,-130.005,-29.602
0.436,-0.360,0.190,-54.993,-133.728,-36.316
0.476,-0.392,0.220,-45.471,-133.301,-42.419
0.523,-0.433,0.258,-37.964,-128.723,-46.448
0.535,-0.460,0.288,-34.363,-123.596,-46.997
0.517,-0.498,0.308,-34.180,-118.835,-46.570
0.539,-0.553,0.342,-35.828,-113.037,-47.180
0.585,-0.606,0.399,-37.720,-106.812,-48.584
0.634,-0.636,0.456,-35.950,-101.685,-49.805
0.642,-0.650,0.479,-31.067,-96.680,-48.950
0.659,-0.649,0.487,-22.888,-92.773,-47.974
0.641,-0.664,0.458,-15.564,-93.750,-48.706
0.626,-0.667,0.482,-9.521,-94.299,-51.636
0.653,-0.688,0.489,-3.235,-91.553,-53.528
0.757,-0.703,0.480,-0.122,-87.524,-54.810
0.784,-0.735,0.501,0.549,-87.158,-52.063
0.760,-0.706,0.545,-2.014,-83.557,-47.119
0.778,-0.684,0.526,-5.371,-70.190,-38.513
0.781,-0.676,0.461,-11.230,-52.917,-23.987
0.736,-0.628,0.422,-14.587,-42.419,-16.541
0.752,-0.624,0.430,-9.338,-39.734,-18.433
0.776,-0.649,0.463,-5.371,-45.227,-26.184
0.777,-0.713,0.505,-6.531,-54.504,-30.334
0.758,-0.737,0.543,-10.864,-58.594,-26.978
0.773,-0.765,0.569,-11.902,-54.504,-20.691
0.793,-0.798,0.600,-8.850,-47.302,-15.747
0.799,-0.850,0.632,-2.930,-39.856,-11.963
0.813,-0.886,0.635,5.005,-34.241,-10.315
0.792,-0.871,0.595,8.606,-36.072,-10.681
0.773,-0.851,0.565,11.169,-44.861,-12.634
0.729,-0.836,0.535,15.503,-56.091,-10.010
0.686,-0.839,0.525,20.264,-66.345,-1.160
0.676,-0.828,0.557,22.888,-74.280,10.864
0.731,-0.861,0.600,25.696,-78.491,25.024
0.782,-0.856,0.648,29.053,-81.909,36.377
0.777,-0.828,0.672,34.058,-85.876,40.955
0.805,-0.807,0.705,42.175,-88.196,40.527
0.835,-0.802,0.726,50.598,-88.623,37.842
0.857,-0.758,0.791,58.655,-87.891,36.133
0.879,-0.692,0.799,61.401,-81.848,41.687
0.868,-0.637,0.772,58.167,-76.233,53.040
0.884,-0.620,0.808,52.917,-76.721,61.401
0.781,-0.666,0.702,47.424,-85.388,70.068
0.729,-0.746,0.757,-84.778,-4.517,-48.096
0.847,-0.545,0.760,-18.860,-12.451,-85.144
1.047,-0.652,0.752,49.194,-13.184,-80.444
1.053,-0.575,0.742,82.153,-19.775,-79.407
1.040,-0.531,0.663,83.618,-22.827,-67.139
1.060,-0.516,0.643,68.604,-11.841,-49.805
1.001,-0.521,0.613,42.725,-0.732,-35.583
0.942,-0.545,0.605,15.564,12.085,-19.775
0.913,-0.542,0.571,-5.798,26.245,-3.906
0.905,-0.506,0.526,-17.578,36.133,7.996
0.885,-0.458,0.482,-22.095,41.199,19.653
0.844,-0.417,0.425,-22.034,42.725,27.527
0.816,-0.373,0.387,-18.066,41.382,27.466
0.825,-0.332,0.341,-11.414,35.767,23.743
0.831,-0.279,0.313,-5.005,27.039,20.142
0.841,-0.243,0.289,2.747,17.517,16.846
0.849,-0.209,0.286,8.850,9.155,15.198
0.855,-0.184,0.297,12.268,4.211,13.733
0.899,-0.152,0.352,13.306,3.906,13.550
0.918,-0.129,0.381,12.207,3.906,15.320
0.926,-0.093,0.384,10.559,4.822,16.174
0.948,-0.051,0.389,10.254,8.301,15.625
0.939,-0.042,0.384,9.888,12.634,14.099
0.927,-0.030,0.371,8.362,15.381,10.742
0.922,-0.030,0.353,6.836,16.418,7.019
0.907,-0.043,0.334,5.981,14.771,3.906
0.891,-0.057,0.320,5.310,12.451,2.197
0.872,-0.065,0.309,4.028,9.155,1.038
0.855,-0.071,0.303,3.723,4.211,-1.221
0.864,-0.083,0.315,4.272,0.305,-2.747
0.868,-0.089,0.326,4.944,-2.441,-3.357
0.865,-0.087,0.351,5.432,-5.310,-4.028
0.890,-0.096,0.376,6.470,-5.798,-4.333
0.910,-0.093,0.395,6.653,-4.028,-4.395
0.915,-0.091,0.398,5.920,-1.404,-5.188
0.916,-0.096,0.400,4.944,1.099,-6.470
0.895,-0.119,0.398,3.784,2.747,-7.568
0.876,-0.134,0.392,3.418,2.319,-8.484
0.870,-0.145,0.380,3.723,0.732,-7.935
0.869,-0.147,0.373,3.784,-1.160,-5.981
0.866,-0.155,0.379,2.197,-2.747,-2.930
0.871,-0.159,0.394,0.122,-4.395,-1.343
0.865,-0.167,0.409,-0.488,-6.348,0.122
0.885,-0.165,0.429,0.366,-6.042,2.014
0.903,-0.164,0.441,1.160,-3.845,4.028
0.900,-0.155,0.436,0.916,-1.953,5.066
0.900,-0.142,0.430,1.831,-0.854,4.456
0.906,-0.135,0.414,3.906,0.427,3.540
0.900,-0.124,0.401,5.188,2.258,2.625
0.901,-0.118,0.388,5.127,3.296,0.854
0.890,-0.117,0.376,4.700,2.563,0.427
0.870,-0.123,0.362,3.662,1.282,2.075
0.869,-0.118,0.350,3.052,-0.244,2.991
0.876,-0.114,0.353,2.014,-2.319,3.174
0.875,-0.121,0.367,-0.305,-4.639,4.333
0.879,-0.131,0.381,-2.502,-6.165,5.371
0.887,-0.132,0.393,-3.723,-7.080,6.897
0.894,-0.138,0.397,-3.967,-7.385,8.728
0.902,-0.132,0.406,-4.700,-7.812,8.850
0.902,-0.124,0.410,-5.188,-8.057,7.324
0.902,-0.117,0.413,-4.700,-7.812,5.554
0.910,-0.113,0.414,-2.869,-6.470,3.845
0.907,-0.108,0.415,-0.977,-4.700,2.747
0.906,-0.110,0.412,-0.061,-2.869,2.563
0.895,-0.120,0.408,-0.427,-1.648,3.052
0.886,-0.126,0.407,-0.732,-1.099,3.235
0.882,-0.125,0.401,-0.610,-0.732,3.906
0.888,-0.119,0.402,-0.366,-0.244,4.395
0.892,-0.111,0.404,-0.977,0.122,4.639
0.894,-0.113,0.413,-1.648,0.488,4.028
0.897,-0.115,0.420,-1.526,1.160,3.235
0.890,-0.121,0.429,-0.854,2.075,2.380
0.890,-0.125,0.427,-0.122,3.235,2.014
0.888,-0.118,0.422,0.793,4.028,1.831
0.883,-0.114,0.414,1.831,4.456,1.404
0.877,-0.117,0.411,2.380,4.578,0.977
0.873,-0.124,0.409,2.319,4.272,0.305
0.876,-0.126,0.406,2.380,3.601,0.122
0.878,-0.120,0.398,2.930,3.052,0.488
0.876,-0.113,0.395,3.662,1.953,0.793
0.876,-0.106,0.388,4.272,0.061,0.305
0.878,-0.110,0.391,4.517,-1.038,-0.305
0.877,-0.110,0.398,3.845,-1.648,-0.183
0.884,-0.105,0.404,2.502,-0.916,1.160
0.888,-0.101,0.408,1.465,-0.122,2.380
0.889,-0.101,0.412,0.671,0.671,2.380
0.893,-0.103,0.415,-0.244,1.465,1.953
0.889,-0.107,0.412,-0.488,2.014,0.916
0.881,-0.111,0.408,-0.183,2.563,0.244
0.871,-0.115,0.407,0.244,2.747,-0.061
0.869,-0.119,0.402,0.549,2.014,-0.305
0.868,-0.120,0.404,1.343,0.732,-1.099
0.865,-0.125,0.417,2.991,-0.366,-1.404
0.869,-0.134,0.422,4.883,-1.709,-1.404
0.873,-0.131,0.424,6.165,-2.991,-1.831
0.871,-0.132,0.424,6.836,-4.150,-2.441
0.866,-0.128,0.428,6.897,-5.005,-4.333
0.869,-0.128,0.429,6.287,-4.944,-4.517
0.881,-0.130,0.432,4.944,-2.869,-1.526
0.881,-0.126,0.436,2.991,-0.488,1.160
0.882,-0.124,0.434,1.892,0.793,1.648
0.890,-0.130,0.434,1.526,1.831,0.977
0.887,-0.132,0.431,0.671,2.808,0.427
0.877,-0.132,0.420,0.366,2.625,-0.610
0.876,-0.124,0.411,0.488,1.343,-1.038
0.874,-0.132,0.416,-0.061,-0.305,-1.587
0.875,-0.131,0.420,-0.854,-2.502,-2.563
0.889,-0.125,0.426,-0.488,-2.808,-2.380
0.904,-0.116,0.441,0.854,-1.465,-0.916
0.904,-0.119,0.444,0.366,-0.244,0.671
0.907,-0.116,0.449,-2.563,1.526,1.709
0.906,-0.121,0.450,-6.348,2.930,2.075
0.899,-0.131,0.433,-9.460,1.709,1.892
0.889,-0.125,0.441,-10.376,-0.183,2.502
0.872,-0.134,0.416,-8.789,-3.052,3.723
0.859,-0.141,0.415,-5.676,-5.066,4.517
0.838,-0.155,0.398,-2.197,-7.935,4.639
0.819,-0.151,0.390,0.244,-9.521,4.578
0.828,-0.139,0.390,2.380,-8.423,4.089
1.013,0.367,1.137,-48.645,-17.700,113.831
0.857,0.474,1.206,-74.951,-9.705,138.916
0.566,0.661,1.084,-104.431,2.563,168.213
0.418,0.910,1.090,-119.202,20.142,194.275
0.219,0.967,1.014,-101.257,61.707,220.032
0.171,0.937,0.784,-62.500,110.046,237.183
0.137,0.997,0.705,-3.967,139.282,249.817
0.250,0.962,0.576,54.138,134.399,257.629
0.152,1.015,0.685,106.323,116.028,250.000
0.104,1.036,0.745,144.043,83.679,238.525
0.071,1.003,0.830,172.791,49.805,228.271
-0.026,0.987,0.930,178.406,39.673,216.309
-0.064,1.012,0.933,154.419,35.889,200.317
-0.104,1.092,0.879,120.117,41.870,174.194
-0.118,1.166,0.803,92.346,51.453,133.301
-0.136,1.201,0.772,75.073,62.439,78.552
-0.140,1.140,0.808,60.486,69.397,20.386
-0.156,1.007,0.886,34.424,66.467,-26.672
-0.176,0.896,0.966,-10.132,59.448,-56.274
-0.180,0.827,1.000,-66.223,57.251,-70.984
-0.176,0.792,0.992,-117.004,65.918,-80.688
-0.186,0.777,0.947,-150.024,79.346,-90.881
-0.192,0.757,0.877,-162.598,92.346,-100.525
-0.211,0.724,0.808,-159.302,102.295,-107.544
-0.232,0.707,0.736,-150.269,108.582,-112.061
-0.224,0.684,0.652,-141.602,112.244,-113.281
-0.212,0.685,0.588,-134.521,113.098,-113.525
-0.214,0.682,0.560,-128.296,108.826,-114.075
-0.174,0.663,0.530,-122.314,99.243,-115.540
-0.145,0.639,0.533,-114.868,88.928,-120.483
-0.116,0.614,0.546,-107.117,81.665,-127.380
-0.095,0.588,0.547,-99.487,77.637,-133.423
-0.074,0.569,0.555,-92.224,76.355,-137.451
-0.084,0.574,0.550,-88.745,75.928,-137.939
-0.069,0.581,0.529,-90.637,76.294,-136.108
-0.048,0.571,0.504,-94.849,74.341,-135.132
-0.031,0.542,0.473,-100.586,72.693,-138.611
-0.018,0.500,0.406,-109.863,74.341,-143.921
0.002,0.434,0.356,-122.803,80.322,-148.621
0.035,0.378,0.258,-139.709,80.383,-152.588
0.046,0.340,0.200,-157.959,70.618,-155.334
0.061,0.320,0.165,-174.744,55.908,-154.541
0.094,0.322,0.152,-188.354,38.147,-149.902
0.115,0.352,0.165,-197.021,18.860,-143.005
0.145,0.393,0.181,-199.890,2.075,-135.803
0.185,0.428,0.190,-195.435,-10.376,-130.798
0.213,0.451,0.195,-184.692,-19.470,-129.517
0.255,0.438,0.198,-170.166,-24.902,-131.165
0.300,0.388,0.203,-154.175,-27.771,-134.949
0.339,0.323,0.218,-140.503,-31.799,-140.137
0.367,0.257,0.244,-132.263,-38.452,-143.127
0.401,0.197,0.269,-129.333,-44.373,-141.174
0.425,0.156,0.291,-131.104,-48.645,-135.132
0.464,0.133,0.299,-135.193,-52.979,-127.075
0.502,0.113,0.294,-139.221,-57.190,-118.530
0.521,0.099,0.287,-141.296,-60.547,-110.962
0.526,0.083,0.284,-141.846,-63.904,-104.675
0.528,0.056,0.283,-141.541,-66.528,-98.999
0.533,0.016,0.281,-141.418,-67.078,-95.886
0.559,-0.054,0.279,-141.357,-67.200,-94.849
0.600,-0.134,0.271,-142.151,-66.406,-93.689
0.631,-0.200,0.252,-144.470,-64.453,-88.013
0.665,-0.223,0.220,-146.179,-62.622,-75.195
0.690,-0.219,0.182,-142.822,-63.171,-55.786
0.703,-0.185,0.151,-131.592,-66.711,-34.912
0.700,-0.140,0.153,-112.183,-74.585,-15.991
0.687,-0.098,0.193,-88.623,-86.304,-2.197
0.689,-0.094,0.264,-68.115,-98.389,5.737
0.721,-0.117,0.361,-56.458,-108.215,7.324
0.745,-0.146,0.451,-57.983,-115.234,5.615
0.770,-0.176,0.529,-70.374,-115.295,4.761
0.772,-0.182,0.580,-88.257,-111.938,5.798
0.773,-0.187,0.599,-105.774,-103.210,9.399
0.778,-0.169,0.589,-117.615,-87.769,14.893
0.788,-0.111,0.541,-120.667,-73.669,21.484
0.805,-0.039,0.480,-112.854,-65.430,29.663
0.852,0.018,0.435,-93.018,-64.148,33.936
0.792,0.017,0.445,-65.979,-67.322,32.043
0.803,-0.034,0.464,-40.771,-67.566,22.644
0.902,-0.127,0.509,-25.574,-65.552,10.254
0.844,-0.211,0.635,-26.001,-73.669,6.653
0.855,-0.228,0.655,-41.931,-80.688,13.245
0.853,-0.190,0.657,-63.049,-66.223,28.442
0.908,-0.055,0.593,-80.139,-45.776,51.270
0.913,0.075,0.509,-85.632,-37.842,74.341
0.903,0.217,0.430,-79.590,-36.072,89.661
0.921,0.308,0.342,-61.218,-33.386,95.154
0.947,0.347,0.269,-34.180,-35.889,90.759
0.979,0.356,0.254,-4.639,-42.664,73.181
1.030,0.367,0.325,25.146,-54.443,46.997
1.046,0.261,0.483,49.072,-71.350,17.639
1.060,0.126,0.635,57.007,-77.820,-3.845
1.063,0.032,0.721,49.927,-71.411,-13.672
1.091,-0.016,0.739,41.138,-59.265,-13.489
1.074,-0.035,0.739,40.955,-46.631,-7.812
1.120,-0.061,0.718,53.223,-36.255,-1.221
1.150,-0.127,0.718,75.317,-28.687,5.371
1.166,-0.231,0.744,98.633,-22.339,9.888
1.175,-0.342,0.769,111.572,-13.672,15.076
1.153,-0.412,0.779,108.215,-2.625,27.588
1.155,-0.380,0.745,93.323,12.451,47.913
1.090,-0.261,0.696,79.102,23.926,74.341
1.090,-0.073,0.647,74.951,26.123,102.051
1.069,0.125,0.647,86.914,18.433,125.671
1.046,0.304,0.705,110.657,8.972,137.512
0.998,0.411,0.818,134.766,0.732,141.663
0.969,0.477,0.950,146.179,-3.723,140.747
0.976,0.509,1.052,137.634,-1.770,136.719
0.927,0.552,1.119,110.046,9.094,130.371
0.857,0.644,1.114,73.425,29.968,121.460
0.796,0.778,1.039,44.067,50.354,116.028
0.756,0.927,0.932,35.217,62.744,116.394
0.738,1.056,0.854,49.194,68.970,117.493
0.707,1.128,0.837,77.332,67.017,115.662
0.682,1.163,0.849,104.309,65.491,109.497
0.638,1.166,0.847,119.568,70.374,100.891
0.606,1.168,0.789,119.629,83.374,91.309
0.587,1.156,0.722,108.154,94.910,83.862
0.583,1.145,0.673,87.769,93.750,81.238
1.212,1.213,0.667,26.428,-158.081,-89.783
1.308,1.283,0.916,8.423,-200.317,-77.148
1.344,1.367,1.199,-0.977,-232.361,-67.139
1.275,1.389,1.516,3.479,-247.559,-65.735
1.227,1.302,1.802,13.489,-229.919,-80.627
1.132,1.119,1.971,18.188,-169.128,-113.586
1.041,0.850,1.907,11.963,-71.960,-159.607
0.904,0.528,1.551,-0.854,43.396,-207.092
0.778,0.244,1.034,-12.695,151.428,-242.371
0.631,0.006,0.477,-14.526,231.812,-260.437
0.687,-0.148,0.143,-3.113,288.025,-263.733
0.575,-0.238,-0.505,18.005,279.907,-252.625
0.604,-0.257,-0.503,56.824,249.756,-230.530
0.650,-0.312,-0.826,88.989,181.335,-201.904
0.633,-0.418,-0.789,109.741,101.257,-158.447
0.699,-0.477,-0.677,102.112,39.368,-117.859
0.745,-0.472,-0.516,67.139,-8.301,-82.825
0.790,-0.395,-0.378,19.409,-50.293,-56.458
0.785,-0.334,-0.368,-19.897,-98.389,-38.147
0.827,-0.334,0.025,-37.964,-123.718,-19.409
0.865,-0.246,0.268,-47.852,-128.296,0.305
0.899,-0.140,0.444,-51.514,-140.564,29.053
0.918,-0.010,0.604,-44.739,-147.339,60.303
0.905,0.148,0.819,-31.921,-141.113,86.609
0.933,0.220,0.922,-19.775,-120.361,105.957
0.896,0.458,0.998,-11.108,-88.196,109.009
0.897,0.584,1.005,0.427,-56.091,99.670
0.879,0.637,0.983,11.658,-26.245,85.938
0.853,0.649,0.916,15.808,1.465,68.481
0.817,0.637,0.796,12.146,28.503,49.866
0.780,0.609,0.652,4.944,54.504,33.752
0.742,0.579,0.501,-1.221,73.853,21.667
0.723,0.543,0.363,-2.747,83.008,13.672
0.712,0.506,0.243,-0.244,83.191,8.484
0.704,0.472,0.158,4.395,77.209,5.249
0.706,0.440,0.099,7.507,66.956,4.272
0.709,0.419,0.062,7.629,53.833,5.493
0.718,0.415,0.045,5.493,38.269,8.362
0.733,0.426,0.058,2.380,19.958,12.024
0.746,0.447,0.119,0.122,0.488,15.503
0.759,0.480,0.211,-2.441,-16.235,18.860
0.771,0.519,0.306,-5.615,-27.344,21.301
0.780,0.569,0.394,-7.812,-31.433,22.156
0.795,0.608,0.462,-8.423,-30.457,20.874
0.803,0.632,0.502,-7.629,-24.536,16.724
0.808,0.634,0.523,-4.822,-14.832,8.545
0.812,0.614,0.519,-2.075,-2.991,-0.793
0.813,0.577,0.483,-1.343,8.545,-9.399
0.810,0.528,0.423,-1.282,17.639,-16.296
0.803,0.479,0.360,-0.549,22.522,-21.362
0.800,0.434,0.312,1.160,23.193,-23.193
0.795,0.396,0.279,3.601,20.569,-22.583
0.792,0.368,0.259,6.287,16.296,-19.775
0.794,0.349,0.244,7.996,12.207,-15.747
0.792,0.341,0.240,8.911,7.263,-11.597
0.789,0.347,0.252,9.094,2.502,-7.202
0.795,0.366,0.276,8.850,-1.648,-2.563
0.804,0.394,0.307,6.470,-5.859,1.465
0.809,0.424,0.333,1.465,-9.216,5.005
0.818,0.450,0.352,-3.174,-11.108,5.676
0.813,0.464,0.373,-5.310,-12.756,3.967
0.806,0.468,0.400,-4.517,-13.306,1.160
0.810,0.458,0.434,-1.953,-12.878,-1.099
0.808,0.449,0.460,-0.854,-9.827,-2.136
0.806,0.446,0.456,-1.709,-3.845,-3.052
0.803,0.441,0.424,-1.587,3.235,-4.456
0.801,0.428,0.384,1.160,8.362,-5.859
0.797,0.406,0.350,5.554,9.949,-6.775
0.796,0.385,0.333,9.583,8.911,-6.409
0.800,0.368,0.331,11.047,5.737,-4.150
0.800,0.363,0.335,8.545,3.052,-1.587
0.802,0.367,0.336,3.906,1.526,0.366
0.801,0.375,0.334,-0.244,0.977,2.502
0.803,0.383,0.330,-1.953,0.183,4.089
0.804,0.392,0.332,-0.549,-1.160,5.371
0.803,0.397,0.347,2.808,-3.418,6.592
0.803,0.403,0.364,5.066,-4.944,8.057
0.806,0.411,0.375,5.249,-5.188,9.644
0.804,0.425,0.380,3.906,-4.272,10.681
0.803,0.441,0.380,1.465,-2.869,11.475
0.802,0.454,0.375,-0.061,-1.892,11.169
0.794,0.462,0.374,0.000,-1.831,9.521
0.794,0.460,0.375,1.465,-1.831,7.385
0.791,0.456,0.382,3.174,-2.380,5.371
0.787,0.451,0.389,3.845,-2.808,4.211
0.785,0.445,0.386,3.601,-1.404,3.357
0.785,0.439,0.377,2.502,0.122,2.747
0.781,0.437,0.369,1.892,0.427,2.441
0.782,0.436,0.372,2.075,0.122,2.869
0.782,0.439,0.375,1.709,-0.427,4.211
0.784,0.447,0.372,0.549,-0.671,5.127
0.783,0.453,0.372,-0.366,-1.160,4.822
0.783,0.453,0.375,-0.732,-1.953,3.723
0.783,0.448,0.382,-0.549,-3.052,2.197
0.782,0.443,0.386,-0.793,-2.991,1.221
0.782,0.439,0.387,-0.916,-2.747,0.916
0.784,0.434,0.388,-0.305,-1.831,0.671
0.783,0.430,0.384,0.610,-1.404,0.610
0.785,0.426,0.382,2.075,-1.221,0.854
0.783,0.424,0.386,3.662,-1.526,1.221
0.788,0.423,0.391,4.517,-1.892,2.075
0.785,0.425,0.401,4.761,-2.136,3.174
0.785,0.431,0.406,3.784,-2.136,3.845
0.786,0.438,0.402,1.953,-1.282,3.967
0.781,0.444,0.399,1.099,-0.610,3.601
0.781,0.445,0.401,1.465,-1.221,2.869
0.774,0.446,0.407,2.563,-2.014,1.892
0.774,0.442,0.411,2.441,-1.404,1.892
0.772,0.443,0.408,1.221,0.183,1.892
0.773,0.444,0.402,-0.427,1.587,1.831
0.770,0.446,0.388,-0.854,2.075,1.770
0.774,0.450,0.378,0.183,1.404,0.916
0.772,0.435,0.385,2.502,-0.305,-0.366
0.774,0.426,0.392,3.784,-0.549,-0.549
0.774,0.425,0.389,3.174,-0.610,0.061
0.775,0.425,0.395,2.686,-0.854,1.282
0.779,0.427,0.403,1.953,-1.099,2.563
0.777,0.437,0.412,0.244,-1.587,3.418
0.779,0.450,0.416,-1.221,-1.526,4.272
1.296,0.561,0.785,43.884,99.365,159.302
1.231,0.651,0.737,65.857,121.521,164.551
1.161,0.730,0.669,66.284,140.442,174.072
1.055,0.834,0.583,47.607,151.611,182.251
0.933,0.942,0.523,17.944,153.137,188.110
0.791,1.093,0.485,-15.015,143.921,192.322
0.660,1.289,0.450,-44.739,133.240,199.097
0.518,1.504,0.402,-65.002,126.892,206.787
0.415,1.698,0.349,-72.327,126.892,211.243
0.272,1.839,0.296,-69.885,131.348,210.205
0.195,2.035,0.215,-62.927,137.939,197.998
0.157,2.139,0.121,-53.955,137.512,173.157
0.153,2.128,0.071,-47.729,131.531,138.794
0.175,2.019,0.046,-52.185,123.962,96.436
0.160,1.885,0.008,-69.031,117.493,51.331
0.174,1.722,-0.036,-88.684,114.563,11.658
0.175,1.576,-0.091,-101.135,114.685,-18.433
0.203,1.404,-0.156,-102.417,117.920,-41.138
0.208,1.226,-0.177,-96.069,120.300,-59.387
0.211,1.089,-0.216,-94.849,123.230,-67.322
0.222,0.998,-0.275,-99.854,124.207,-65.735
0.214,0.953,-0.352,-106.689,124.451,-60.547
0.206,0.934,-0.440,-112.061,125.122,-54.077
0.179,0.941,-0.436,-115.234,125.000,-49.255
0.142,0.974,-0.451,-119.690,116.516,-43.823
0.105,1.018,-0.480,-121.521,99.060,-39.185
0.053,1.063,-0.496,-115.784,83.313,-39.856
0.039,1.070,-0.494,-104.736,73.486,-46.265
-0.003,1.059,-0.473,-93.811,66.406,-56.091
-0.032,1.027,-0.482,-87.524,62.927,-66.101
-0.058,0.998,-0.484,-84.900,62.195,-75.195
-0.054,0.951,-0.486,-82.703,57.983,-84.351
-0.040,0.897,-0.489,-80.139,49.072,-92.468
-0.050,0.858,-0.495,-76.477,35.950,-98.633
-0.051,0.823,-0.475,-69.580,19.165,-101.746
-0.035,0.781,-0.440,-61.707,-1.404,-100.952
-0.004,0.737,-0.389,-56.885,-19.653,-97.778
0.037,0.700,-0.334,-57.556,-34.241,-94.055
0.055,0.687,-0.281,-62.317,-46.265,-92.163
0.081,0.659,-0.245,-67.627,-55.420,-91.675
0.106,0.625,-0.215,-72.388,-62.988,-92.102
0.123,0.597,-0.205,-75.928,-67.261,-93.018
0.133,0.565,-0.186,-77.942,-65.796,-92.285
0.141,0.546,-0.178,-79.102,-62.073,-90.454
0.137,0.539,-0.179,-78.857,-56.335,-86.670
0.142,0.539,-0.199,-77.881,-50.659,-82.031
0.157,0.545,-0.224,-76.477,-48.340,-77.515
0.179,0.563,-0.244,-75.745,-51.880,-72.449
0.192,0.587,-0.263,-75.867,-61.523,-69.458
0.218,0.589,-0.252,-76.904,-74.524,-70.496
0.232,0.584,-0.210,-81.299,-88.867,-75.562
0.238,0.564,-0.166,-90.393,-99.670,-82.581
0.251,0.546,-0.151,-101.563,-107.483,-90.942
0.249,0.510,-0.148,-109.009,-113.770,-100.159
0.285,0.467,-0.169,-109.192,-116.638,-109.985
0.670,0.394,-0.112,-101.807,-116.760,-117.859
0.223,0.341,0.158,-96.802,-126.709,-97.412
0.432,0.321,0.122,-105.957,-113.098,-55.481
0.578,0.425,0.026,-111.938,-83.069,-29.114
0.514,0.502,0.023,-104.309,-84.717,-28.625
0.444,0.489,0.067,-86.487,-91.064,-36.926
0.430,0.433,0.088,-75.806,-80.933,-51.941
0.429,0.382,0.075,-83.130,-62.256,-66.528
0.414,0.328,0.045,-100.281,-39.246,-69.641
0.459,0.334,-0.096,-111.694,-19.226,-64.270
0.486,0.347,-0.298,-98.389,-14.343,-73.608
0.485,0.232,-0.341,-47.546,-41.382,-94.543
0.596,0.034,-0.287,18.738,-82.214,-114.380
0.554,-0.147,-0.116,72.876,-126.404,-128.967
0.546,-0.357,0.126,98.816,-151.794,-137.390
0.651,-0.487,0.229,88.806,-138.611,-132.935
0.688,-0.472,0.262,56.091,-116.455,-121.155
0.673,-0.457,0.243,19.836,-96.008,-97.656
0.651,-0.405,0.236,-9.216,-69.397,-62.805
0.690,-0.378,0.144,-29.419,-52.979,-18.250
0.675,-0.278,0.075,-38.269,-49.866,15.259
0.674,-0.163,0.029,-34.424,-48.584,37.598
0.686,-0.071,0.006,-23.926,-46.204,54.565
0.677,0.053,0.019,-14.465,-45.105,73.608
0.618,-0.101,0.058,-9.705,-48.950,99.121
0.738,0.120,0.027,-13.794,-54.626,100.098
0.724,0.176,0.054,-16.541,-66.345,71.838
0.776,0.133,0.109,-16.052,-75.806,41.382
0.734,0.044,0.172,-20.935,-81.543,18.188
0.728,-0.036,0.182,-32.715,-77.026,4.639
0.734,-0.095,0.126,-44.495,-66.223,2.930
0.747,-0.151,0.076,-46.631,-56.519,10.193
0.781,-0.217,0.070,-39.978,-55.603,20.630
0.766,-0.284,0.132,-33.936,-63.904,35.095
0.750,-0.325,0.208,-37.964,-72.632,54.138
0.735,-0.313,0.254,-53.284,-75.073,74.219
0.729,-0.267,0.271,-72.510,-71.960,91.736
0.737,-0.201,0.265,-85.876,-68.481,104.919
0.776,-0.157,0.247,-85.083,-68.115,112.000
0.783,-0.133,0.246,-68.237,-68.298,112.488
0.819,-0.160,0.252,-39.673,-68.054,106.567
0.861,-0.217,0.287,-7.446,-66.895,96.863
0.900,-0.272,0.325,20.630,-67.261,88.135
0.923,-0.307,0.364,41.809,-65.796,85.876
0.933,-0.297,0.390,56.763,-60.791,92.651
0.950,-0.228,0.407,67.322,-55.603,106.262
0.960,-0.107,0.401,76.965,-55.786,122.009
1.012,0.019,0.387,88.501,-60.547,132.568
1.048,0.080,0.397,101.746,-67.322,134.033
1.109,0.107,0.383,110.962,-69.763,125.366
1.147,0.110,0.399,112.610,-65.918,107.666
1.194,0.065,0.396,104.370,-65.857,86.243
1.105,-0.012,0.411,85.388,-61.035,69.641
1.087,-0.044,0.350,60.120,-56.580,69.031
1.090,-0.017,0.312,40.710,-56.946,79.041
1.000,0.033,0.379,33.508,-73.425,93.811
1.030,0.126,0.498,35.034,-97.839,112.122
1.049,0.212,0.687,42.236,-119.873,132.019
1.087,0.280,0.839,45.837,-136.658,144.897
1.112,0.343,0.999,43.823,-135.986,144.104
1.110,0.405,1.093,36.194,-117.065,135.986
1.084,0.469,1.104,31.799,-81.055,123.962
1.071,0.529,1.036,44.495,-32.043,107.056
1.074,0.538,0.920,79.651,10.864,90.088
1.112,0.565,1.174,53.894,-47.119,166.382
1.031,0.688,1.296,14.893,-49.744,175.476
0.964,0.801,1.344,-11.047,-35.828,175.659
0.901,0.889,1.341,-19.226,-8.789,171.997
0.811,0.972,1.302,-9.460,18.555,166.748
0.736,1.039,1.244,13.000,46.509,161.133
0.671,1.082,1.166,38.757,72.571,157.837
0.604,1.110,1.067,55.481,94.482,154.724
0.518,1.116,0.970,57.495,111.633,148.743
0.416,1.115,0.891,43.640,124.512,139.709
0.339,1.105,0.797,19.836,136.841,129.944
0.250,1.133,0.679,-3.418,150.696,122.620
0.170,1.186,0.558,-15.869,163.208,118.774
0.124,1.265,0.429,-12.451,169.434,118.469
0.125,1.326,0.333,4.700,166.809,118.530
0.120,1.337,0.285,26.672,154.297,115.845
0.178,1.347,0.231,41.199,134.094,103.088
0.240,1.272,0.283,43.518,111.877,81.848
0.284,1.120,0.392,29.358,91.736,56.335
0.282,0.938,0.478,0.000,84.167,32.166
0.257,0.777,0.493,-32.654,92.102,15.808
0.223,0.688,0.433,-52.734,108.337,13.123
0.203,0.685,0.334,-50.354,124.084,24.841
0.235,0.766,0.226,-23.132,132.812,47.180
0.260,0.929,0.187,21.973,127.197,75.134
0.323,1.130,0.222,70.251,109.741,100.647
0.372,1.277,0.340,104.004,87.891,114.014
0.391,1.346,0.482,109.375,70.313,110.229
0.424,1.326,0.586,83.618,61.646,89.111
0.432,1.222,0.651,35.522,57.007,59.448
0.425,1.093,0.691,-22.766,57.922,32.166
0.389,1.001,0.691,-73.914,58.105,18.372
0.366,0.990,0.671,-99.365,60.791,19.836
0.384,1.042,0.641,-90.576,66.895,31.067
0.402,1.129,0.639,-51.636,71.838,45.227
0.417,1.190,0.677,-0.549,77.026,55.908
0.403,1.196,0.711,37.842,84.534,60.791
0.375,1.180,0.710,46.936,98.511,60.181
0.314,1.179,0.635,27.832,114.929,57.251
0.269,1.180,0.487,-3.357,129.272,55.237
0.241,1.175,0.326,-29.663,136.963,54.565
0.221,1.186,0.209,-45.227,137.268,56.213
0.217,1.224,0.075,-52.124,126.404,62.378
0.192,1.293,-0.010,-49.866,113.342,69.824
0.180,1.371,-0.049,-41.748,99.060,74.402
0.187,1.431,-0.043,-33.630,83.679,74.341
0.212,1.441,-0.009,-31.921,70.435,68.054
0.212,1.417,0.014,-41.504,60.974,54.260
0.250,1.354,0.005,-60.913,56.885,34.668
0.271,1.281,-0.024,-83.374,52.795,14.954
0.253,1.182,-0.014,-101.074,45.898,-1.038
0.277,1.113,-0.028,-112.854,40.955,-9.644
0.269,1.085,-0.024,-115.112,37.354,-10.803
0.250,1.094,-0.019,-107.910,37.415,-8.240
0.241,1.123,-0.039,-94.849,43.213,-6.042
0.225,1.168,-0.082,-78.735,50.354,-9.521
0.235,1.168,-0.104,-63.354,52.490,-19.226
0.224,1.129,-0.100,-56.580,51.270,-31.616
0.219,1.075,-0.109,-63.538,49.133,-43.762
0.201,1.010,-0.126,-79.773,44.922,-55.603
0.174,0.971,-0.152,-98.877,40.588,-65.002
0.129,0.956,-0.175,-111.816,34.851,-69.702
0.107,0.957,-0.177,-114.319,26.794,-69.885
-0.005,0.946,-0.131,-107.239,18.311,-63.354
0.043,0.974,-0.165,-94.421,10.986,-50.659
0.019,1.026,-0.162,-78.430,6.165,-49.683
0.027,1.026,-0.111,-63.721,-2.747,-57.739
0.004,0.988,-0.034,-58.777,-14.099,-63.538
0.015,0.961,0.015,-69.031,-21.057,-68.054
0.018,0.951,0.047,-89.478,-22.705,-72.937
0.003,0.949,0.056,-111.450,-25.391,-76.172
-0.020,0.963,0.047,-126.099,-29.419,-78.491
-0.044,0.981,0.035,-128.906,-32.104,-82.092
-0.064,0.995,0.023,-119.812,-34.241,-87.158
-0.066,0.981,0.023,-100.952,-37.537,-92.468
-0.049,0.987,0.043,-78.369,-43.274,-98.083
-0.045,0.954,0.079,-59.631,-46.631,-104.675
-0.011,0.897,0.094,-48.706,-47.974,-109.741
0.048,0.825,0.093,-45.044,-44.983,-116.089
0.115,0.752,0.096,-46.387,-40.894,-125.732
0.164,0.670,0.106,-51.636,-39.917,-136.108
0.204,0.590,0.122,-59.509,-42.908,-141.174
0.254,0.517,0.138,-69.336,-46.204,-138.733
0.268,0.478,0.148,-79.773,-46.570,-129.333
0.291,0.459,0.143,-88.074,-44.434,-113.037
0.324,0.455,0.128,-95.215,-38.086,-94.116
0.336,0.486,0.084,-104.248,-29.907,-76.294
0.344,0.530,0.021,-111.816,-20.630,-62.988
0.359,0.557,-0.045,-114.136,-13.123,-56.152
0.369,0.563,-0.112,-110.352,-11.230,-57.373
0.397,0.538,-0.162,-100.830,-14.526,-65.979
0.403,0.482,-0.189,-87.585,-21.790,-78.308
0.450,0.400,-0.201,-73.486,-29.968,-91.675
0.466,0.307,-0.196,-61.401,-37.598,-101.868
0.518,0.226,-0.196,-52.551,-41.931,-106.567
0.554,0.155,-0.197,-46.204,-44.495,-104.187
0.587,0.085,-0.203,-41.870,-45.654,-97.168
0.598,0.021,-0.205,-39.185,-46.387,-88.135
0.597,-0.029,-0.193,-39.551,-45.959,-78.186
0.586,-0.057,-0.181,-44.128,-45.166,-65.674
0.591,-0.064,-0.178,-52.124,-46.082,-49.255
0.581,-0.050,-0.191,-60.913,-48.035,-30.701
0.595,-0.020,-0.208,-66.467,-50.354,-13.733
0.611,0.005,-0.215,-66.895,-54.443,0.244
0.620,0.020,-0.213,-63.232,-59.204,10.620
0.644,0.025,-0.199,-57.739,-63.232,16.479
0.646,0.021,-0.174,-51.270,-67.810,19.470
0.649,0.019,-0.149,-45.349,-70.068,21.301
0.620,0.021,-0.121,-40.466,-69.458,24.536
0.594,0.035,-0.110,-37.292,-66.162,28.870
0.596,0.048,-0.120,-34.851,-63.477,34.058
0.624,0.058,-0.135,-31.677,-64.819,37.903
0.661,0.054,-0.123,-27.893,-70.496,40.283
0.705,0.042,-0.089,-26.428,-80.017,42.480
0.740,0.029,-0.044,-29.663,-89.661,45.898
0.758,0.014,0.006,-37.476,-94.177,50.354
0.767,-0.010,0.035,-48.828,-91.858,55.298
0.764,-0.028,0.035,-61.401,-85.510,60.425
0.786,-0.031,0.013,-70.618,-77.881,64.392
0.894,0.796,0.854,123.474,-31.128,163.635
0.843,0.820,0.873,92.957,-30.762,148.621
0.796,0.844,0.923,66.711,-31.433,135.559
0.744,0.883,0.971,47.729,-32.227,132.385
0.731,0.926,1.015,36.743,-32.715,136.230
0.720,0.953,1.081,35.034,-32.776,140.991
0.706,0.959,1.130,41.077,-27.527,138.062
0.668,0.943,1.174,50.964,-10.864,128.723
0.650,0.911,1.176,57.983,11.353,121.460
0.618,0.906,1.137,59.021,34.790,119.690
0.571,0.948,1.083,55.786,53.894,123.535
0.450,1.058,1.012,51.514,67.139,131.287
0.393,1.198,0.937,51.697,78.430,141.846
0.318,1.333,0.861,54.871,82.886,153.015
0.244,1.457,0.771,53.284,85.693,158.020
0.296,1.519,0.692,45.593,87.463,151.062
0.381,1.493,0.669,32.104,78.064,130.920
0.381,1.406,0.696,11.475,63.660,100.281
0.380,1.253,0.727,-13.245,61.218,67.017
0.407,1.077,0.767,-35.767,59.998,47.974
0.372,0.946,0.810,-55.115,58.289,44.250
0.318,0.885,0.827,-70.557,65.369,50.293
0.264,0.891,0.826,-78.186,80.444,62.622
0.203,0.943,0.800,-76.111,98.389,78.430
0.146,1.038,0.736,-66.406,121.033,90.088
0.099,1.167,0.655,-47.607,142.761,93.262
0.068,1.266,0.589,-19.165,158.936,88.989
0.053,1.311,0.527,9.888,168.762,75.623
0.004,1.297,0.469,30.334,176.758,55.176
-0.056,1.262,0.395,35.645,190.247,33.691
-0.135,1.274,0.335,29.419,207.642,19.165
-0.144,1.296,0.161,22.522,210.327,14.648
-0.130,1.368,0.065,24.170,196.411,17.517
-0.106,1.464,0.058,35.339,168.945,20.752
-0.042,1.531,0.131,52.551,140.869,17.822
0.041,1.520,0.234,66.223,123.047,4.517
0.104,1.432,0.329,65.369,117.432,-16.602
0.143,1.302,0.362,47.058,122.559,-37.415
0.153,1.176,0.339,20.203,131.836,-49.805
0.175,1.088,0.275,1.160,137.024,-50.598
0.178,1.059,0.243,0.610,135.864,-42.053
0.216,1.073,0.242,15.625,129.639,-26.489
0.280,1.119,0.284,37.170,117.004,-7.874
0.327,1.189,0.372,53.223,102.905,7.690
0.349,1.253,0.473,53.467,92.651,19.592
0.357,1.318,0.543,36.438,89.722,24.170
0.354,1.371,0.572,10.315,94.971,20.386
0.344,1.388,0.558,-16.479,103.638,10.010
0.325,1.354,0.513,-36.865,112.366,-3.296
0.297,1.279,0.464,-45.532,119.446,-16.357
0.289,1.173,0.381,-44.189,126.648,-23.987
0.256,1.119,0.292,-38.940,134.521,-25.269
0.237,1.116,0.194,-33.203,137.024,-16.663
0.213,1.149,0.104,-29.297,135.437,-3.845
0.199,1.194,0.027,-29.663,128.784,6.042
0.202,1.243,-0.017,-35.522,119.385,9.277
0.215,1.266,-0.023,-46.204,104.492,7.629
0.245,1.253,-0.005,-61.829,86.914,2.319
0.260,1.217,0.019,-80.933,72.876,-6.348
0.266,1.171,0.028,-97.961,65.369,-16.418
0.256,1.134,0.023,-106.079,63.660,-23.926
0.228,1.113,0.006,-102.356,64.941,-27.466
0.209,1.114,-0.012,-89.905,68.481,-28.381
0.184,1.143,-0.035,-75.012,71.472,-28.137
0.147,1.171,-0.069,-64.392,72.510,-28.625
0.155,1.181,-0.097,-59.937,72.021,-33.752
0.143,1.169,-0.106,-61.584,66.162,-42.297
0.161,1.132,-0.098,-68.726,56.763,-53.711
0.158,1.061,-0.082,-80.017,45.166,-64.453
0.173,0.979,-0.065,-93.262,36.133,-74.341
0.165,0.883,-0.059,-105.103,29.602,-81.482
0.173,0.794,-0.063,-112.000,27.283,-86.853
0.171,0.714,-0.072,-112.610,26.855,-90.149
0.167,0.662,-0.069,-109.009,27.283,-90.881
0.145,0.656,-0.071,-104.797,28.015,-87.830
0.122,0.686,-0.089,-99.670,27.161,-80.078
0.112,0.723,-0.122,-91.919,25.635,-69.702
0.116,0.772,-0.158,-79.834,21.545,-61.707
0.129,0.801,-0.168,-66.345,12.634,-58.716
0.157,0.808,-0.160,-57.739,0.854,-60.425
0.207,0.789,-0.146,-56.946,-12.756,-65.369
0.250,0.748,-0.135,-62.317,-28.564,-70.679
0.271,0.697,-0.121,-70.007,-46.875,-75.562
0.272,0.647,-0.100,-75.500,-63.477,-78.735
0.246,0.605,-0.058,-75.439,-76.416,-77.637
0.239,0.604,-0.025,-71.594,-79.651,-74.158
0.216,0.620,0.005,-65.918,-73.303,-71.106
0.233,0.619,0.010,-60.608,-61.462,-65.613
0.273,0.621,-0.000,-58.105,-49.072,-57.739
0.326,0.623,-0.021,-57.190,-41.016,-51.636
0.368,0.617,-0.037,-56.091,-38.940,-49.683
0.406,0.612,-0.035,-53.955,-41.870,-53.162
0.396,0.586,-0.010,-51.514,-46.265,-58.350
0.395,0.536,0.026,-51.697,-46.753,-62.866
0.401,0.498,0.038,-58.350,-39.490,-62.195
0.426,0.486,0.019,-69.214,-29.358,-56.641
0.415,0.501,-0.002,-79.529,-20.752,-49.377
0.413,0.524,-0.036,-86.609,-15.320,-42.480
0.428,0.550,-0.082,-89.417,-12.451,-38.635
0.437,0.570,-0.128,-86.853,-14.282,-39.856
0.454,0.564,-0.161,-78.491,-21.973,-47.119
0.449,0.542,-0.173,-66.406,-34.668,-58.960
0.424,0.506,-0.171,-52.795,-49.500,-72.510
0.413,0.463,-0.167,-39.307,-61.768,-85.693
0.381,0.399,-0.121,-27.771,-70.374,-97.534
0.395,0.312,-0.064,-23.193,-73.608,-104.248
0.392,0.246,-0.025,-29.785,-72.510,-104.187
0.422,0.168,0.002,-42.847,-68.054,-98.816
0.455,0.089,0.005,-59.082,-60.852,-85.205
0.477,0.044,-0.008,-75.623,-54.382,-65.674
0.484,0.040,-0.031,-88.440,-47.485,-46.631
0.481,0.050,-0.054,-93.140,-43.091,-28.442
0.487,0.082,-0.075,-89.355,-42.053,-10.437
0.471,0.133,-0.094,-79.224,-43.701,4.456
0.469,0.171,-0.128,-65.613,-45.044,13.977
0.509,0.209,-0.194,-50.354,-46.753,15.564
0.511,0.223,-0.228,-33.752,-51.147,11.902
0.549,0.214,-0.254,-20.691,-56.946,5.737
0.535,0.182,-0.242,-13.550,-67.444,-1.709
1.188,0.330,1.304,133.240,-75.867,114.685
1.229,0.457,1.282,134.155,-59.631,114.624
1.277,0.491,1.282,126.587,-47.485,96.130
1.331,0.427,1.286,107.849,-36.499,72.937
1.327,0.315,1.291,78.125,-27.466,55.481
1.288,0.200,1.236,45.349,-12.695,45.898
1.236,0.115,1.136,23.621,4.395,47.485
1.201,0.067,1.041,20.874,17.029,57.190
1.151,0.065,0.990,33.630,20.691,70.740
1.084,0.135,0.967,54.382,21.484,86.670
1.022,0.279,0.970,75.317,20.630,107.666
0.998,0.452,1.005,92.468,19.165,129.333
0.951,0.599,1.034,101.807,19.348,143.982
0.906,0.711,1.052,100.342,27.222,148.315
0.921,0.764,1.033,87.341,37.109,144.836
0.888,0.758,1.010,67.322,44.556,134.155
0.889,0.674,1.003,46.936,50.720,116.089
0.807,0.587,1.053,30.884,51.025,102.234
0.724,0.533,1.122,20.264,51.392,103.516
0.635,0.615,1.158,18.860,56.946,119.629
0.593,0.736,1.164,31.128,64.514,142.151
0.551,0.889,1.174,50.659,70.190,161.377
0.538,0.982,1.170,63.049,76.416,169.617
0.520,1.035,1.135,56.458,83.679,166.931
0.507,1.052,1.062,33.508,91.492,153.748
0.490,1.024,0.998,7.202,100.098,131.470
0.466,0.932,0.952,-13.062,104.614,105.713
0.422,0.823,0.930,-26.001,108.398,85.815
0.359,0.759,0.905,-31.677,115.540,78.552
0.323,0.740,0.852,-29.480,126.038,83.252
0.323,0.773,0.809,-20.508,136.658,94.238
0.305,0.872,0.729,-7.324,144.043,105.225
0.307,0.999,0.660,10.437,149.780,110.352
0.333,1.058,0.589,30.212,149.780,107.300
0.387,1.015,0.540,41.870,146.423,94.116
0.413,0.930,0.508,38.025,139.526,76.843
0.416,0.859,0.494,21.790,130.310,65.796
0.402,0.828,0.501,6.714,121.094,67.322
0.362,0.866,0.508,-0.183,115.601,79.102
0.309,0.940,0.504,0.427,116.150,94.971
0.319,1.027,0.464,2.502,123.352,108.276
0.294,1.120,0.375,-0.793,132.446,119.019
0.336,1.195,0.289,-9.399,141.235,124.023
0.377,1.242,0.238,-18.982,134.644,122.437
0.386,1.253,0.225,-30.334,106.445,114.441
0.381,1.231,0.294,-46.143,78.613,102.356
0.366,1.201,0.384,-67.200,61.646,90.393
0.357,1.198,0.435,-87.585,57.312,82.520
0.352,1.208,0.451,-98.206,61.462,78.979
0.353,1.222,0.440,-95.947,70.251,76.904
0.357,1.239,0.408,-86.121,80.688,73.853
0.322,1.252,0.380,-75.745,89.111,69.275
0.296,1.277,0.338,-71.228,96.985,62.927
0.209,1.289,0.270,-72.754,105.957,55.969
0.222,1.294,0.163,-76.660,114.868,47.607
0.198,1.287,0.089,-78.125,116.150,41.260
0.182,1.272,0.027,-82.764,113.586,31.494
0.170,1.251,-0.036,-91.736,110.535,19.592
0.183,1.221,-0.083,-99.670,104.126,8.789
0.197,1.178,-0.100,-104.919,92.590,0.610
0.188,1.152,-0.098,-107.971,78.552,-2.808
0.176,1.160,-0.094,-108.398,66.956,-3.601
0.148,1.175,-0.094,-104.919,59.143,-2.686
0.136,1.203,-0.087,-100.342,55.115,-3.357
0.102,1.232,-0.078,-99.243,52.002,-5.188
0.082,1.254,-0.086,-104.187,49.988,-9.033
0.083,1.265,-0.112,-114.197,48.218,-15.686
0.080,1.257,-0.139,-125.183,43.945,-25.452
0.067,1.237,-0.151,-134.766,35.950,-37.048
0.045,1.207,-0.150,-142.822,26.245,-47.241
0.038,1.166,-0.149,-148.926,17.639,-55.481
0.048,1.112,-0.160,-152.954,10.498,-63.477
0.049,1.051,-0.165,-152.649,4.395,-73.914
0.061,0.970,-0.169,-146.973,-0.427,-86.121
0.069,0.891,-0.167,-137.329,-3.296,-98.511
0.053,0.831,-0.166,-126.160,-5.615,-109.009
0.068,0.780,-0.177,-113.159,-7.385,-115.417
0.049,0.742,-0.203,-98.145,-10.681,-117.432
0.041,0.716,-0.235,-80.811,-15.015,-117.249
0.061,0.701,-0.246,-62.927,-21.606,-113.892
0.068,0.693,-0.247,-48.645,-32.471,-108.093
0.088,0.701,-0.237,-40.161,-46.204,-101.990
0.119,0.699,-0.216,-37.781,-59.204,-96.436
0.137,0.671,-0.185,-39.551,-71.960,-92.834
0.167,0.634,-0.157,-44.189,-80.017,-93.384
0.182,0.600,-0.129,-50.293,-82.214,-97.656
0.192,0.577,-0.139,-55.908,-79.651,-102.844
0.178,0.565,-0.124,-56.885,-70.190,-106.018
0.190,0.561,-0.137,-53.040,-59.265,-106.995
0.222,0.564,-0.162,-45.288,-50.903,-104.126
0.277,0.562,-0.184,-35.400,-47.302,-101.746
0.324,0.523,-0.179,-26.550,-49.438,-102.234
0.378,0.450,-0.134,-24.109,-53.406,-105.103
0.411,0.377,-0.105,-34.607,-53.955,-106.323
0.429,0.331,-0.098,-53.955,-51.514,-104.248
0.427,0.320,-0.107,-73.364,-45.959,-101.257
0.403,0.340,-0.145,-83.984,-38.330,-96.252
0.385,0.369,-0.208,-80.627,-29.846,-90.088
0.383,0.386,-0.265,-63.965,-24.597,-84.656
0.394,0.393,-0.295,-41.260,-25.391,-81.482
0.395,0.386,-0.300,-22.766,-31.738,-80.994
0.428,0.355,-0.285,-15.930,-40.955,-82.336
0.423,0.314,-0.256,-23.499,-51.880,-84.839
0.414,0.285,-0.235,-40.527,-62.134,-89.050
0.417,0.250,-0.214,-58.228,-69.946,-95.032
0.425,0.211,-0.185,-69.580,-77.087,-98.938
0.444,0.194,-0.161,-73.669,-80.994,-99.487
0.439,0.187,-0.132,-69.885,-84.351,-97.046
0.447,0.158,-0.107,-60.120,-87.402,-93.628
0.454,0.127,-0.074,-50.110,-88.745,-91.003
0.451,0.091,-0.025,-44.373,-90.332,-88.379
0.426,0.060,0.028,-45.044,-91.431,-85.876
0.432,0.021,0.057,-52.124,-91.309,-83.496
0.477,0.002,0.062,-62.012,-86.670,-81.299
0.464,0.000,0.056,-70.496,-81.482,-77.515
0.503,-0.011,0.030,-73.059,-77.637,-74.951
0.538,-0.039,0.005,-69.153,-75.928,-72.754
0.554,-0.068,-0.010,-61.157,-76.477,-70.740
0.579,-0.113,-0.030,-52.368,-77.881,-67.871
1.422,0.270,0.898,27.710,-61.218,44.189
1.392,0.406,0.831,60.852,-43.274,48.218
1.379,0.526,0.760,84.473,-33.386,46.936
1.360,0.601,0.746,92.651,-36.316,41.016
1.363,0.634,0.781,87.402,-49.377,29.297
1.392,0.624,0.886,71.655,-63.477,11.475
1.396,0.582,1.026,48.767,-77.637,-4.761
1.383,0.511,1.172,27.649,-83.191,-19.775
1.348,0.416,1.296,16.357,-75.806,-32.898
1.282,0.323,1.350,15.625,-57.617,-40.405
1.207,0.221,1.362,21.545,-27.954,-40.894
1.133,0.145,1.274,25.574,8.423,-33.936
1.052,0.113,1.102,22.827,42.603,-21.973
0.982,0.122,0.912,13.428,66.223,-9.094
0.900,0.146,0.753,-0.610,74.463,0.610
0.819,0.176,0.634,-15.808,74.585,7.935
0.779,0.195,0.535,-30.029,69.702,11.169
0.746,0.201,0.460,-39.612,60.608,9.399
0.724,0.180,0.417,-43.457,48.645,3.540
0.708,0.146,0.403,-41.931,38.086,-2.686
0.691,0.109,0.394,-37.231,32.898,-7.263
0.680,0.079,0.371,-30.762,32.104,-10.193
0.675,0.051,0.337,-21.973,33.508,-12.207
0.672,0.027,0.312,-13.123,34.119,-12.817
0.667,0.021,0.298,-6.653,30.273,-10.742
0.669,0.021,0.296,-2.930,21.118,-6.653
0.677,0.037,0.320,-3.479,9.521,-1.282
0.698,0.066,0.364,-8.728,-1.465,4.333
0.725,0.103,0.412,-15.686,-9.033,7.324
0.750,0.130,0.457,-19.287,-13.611,5.432
0.766,0.131,0.497,-16.602,-13.916,-0.061
0.784,0.104,0.524,-8.850,-10.010,-6.592
0.795,0.075,0.534,-0.183,-3.906,-11.719
0.805,0.060,0.526,6.897,1.343,-12.329
0.811,0.063,0.515,12.329,3.906,-9.521
0.822,0.069,0.512,14.709,3.357,-5.066
0.838,0.078,0.517,11.780,1.160,-1.770
0.858,0.092,0.526,3.113,-1.221,0.000
0.870,0.101,0.543,-6.775,-3.784,0.305
0.877,0.107,0.569,-12.695,-5.249,-0.977
0.879,0.109,0.589,-13.489,-4.822,-2.197
0.882,0.106,0.595,-9.521,-1.953,-3.296
0.887,0.084,0.598,-2.441,1.892,-4.761
0.892,0.049,0.601,3.296,5.493,-6.287
0.881,0.026,0.597,4.456,8.545,-5.981
0.863,0.023,0.582,2.380,11.169,-3.174
0.847,0.026,0.562,0.977,13.184,0.305
0.841,0.035,0.542,0.732,13.977,4.211
0.827,0.057,0.529,0.977,13.184,7.751
0.816,0.088,0.525,1.282,10.864,10.742
0.804,0.125,0.533,1.892,8.118,12.512
0.795,0.156,0.542,1.892,6.531,12.634
0.791,0.175,0.548,1.160,6.836,10.681
0.778,0.180,0.546,-0.244,7.996,6.836
0.767,0.168,0.538,-1.465,10.010,2.136
0.763,0.143,0.522,-2.441,12.817,-1.587
0.762,0.115,0.500,-3.418,15.381,-4.272
0.757,0.099,0.481,-3.662,16.663,-5.493
0.762,0.099,0.461,-3.052,17.334,-4.944
0.764,0.122,0.444,-1.221,17.578,-3.235
0.765,0.173,0.425,1.587,16.418,-1.465
0.781,0.238,0.405,7.019,15.625,-0.793
0.792,0.303,0.400,14.954,14.099,-2.197
0.818,0.352,0.409,23.743,11.597,-6.897
0.866,0.375,0.419,31.311,10.254,-14.709
0.909,0.413,0.411,36.560,12.451,-23.804
0.982,0.443,0.388,42.297,13.489,-31.311
1.052,0.450,0.397,50.720,8.789,-41.016
1.131,0.431,0.452,59.937,3.235,-51.697
1.173,0.432,0.526,67.383,-0.305,-59.814
1.216,0.436,0.585,73.975,0.244,-64.087
1.240,0.441,0.622,81.238,4.761,-68.054
1.276,0.414,0.664,88.257,9.949,-72.449
1.321,0.382,0.723,89.722,13.916,-78.247
1.379,0.344,0.789,81.787,13.916,-83.496
1.387,0.285,0.851,69.336,12.878,-89.478
1.478,0.182,0.899,57.251,17.090,-100.647
1.477,0.039,0.949,46.875,23.376,-114.990
1.489,-0.140,0.975,36.560,33.508,-125.977
1.506,-0.319,0.985,25.085,48.584,-130.371
1.500,-0.474,0.973,13.367,63.293,-127.563
1.505,-0.611,0.959,3.906,74.585,-118.835
1.480,-0.732,0.965,-4.456,81.482,-105.103
1.377,-0.802,0.959,-14.038,89.905,-88.257
1.362,-0.810,0.927,-22.278,105.225,-71.289
1.208,-0.790,0.874,-24.231,117.310,-53.223
1.102,-0.740,0.789,-17.639,131.836,-39.063
0.993,-0.694,0.704,-3.113,145.081,-32.104
0.910,-0.660,0.630,14.771,152.588,-30.701
0.863,-0.655,0.582,27.954,151.794,-31.982
0.788,-0.697,0.554,31.372,140.137,-35.767
0.822,-0.780,0.549,25.940,127.075,-46.204
0.740,-0.877,0.579,15.198,114.075,-58.350
0.707,-0.949,0.571,5.615,107.727,-71.289
0.619,-0.951,0.606,3.235,114.868,-86.975
0.651,-1.047,0.572,6.531,129.089,-90.332
0.591,-1.130,0.521,11.230,138.794,-81.360
0.568,-1.215,0.433,20.081,145.081,-61.890
0.536,-1.215,0.377,33.386,153.748,-42.114
0.492,-1.189,0.253,49.866,154.846,-15.869
0.459,-1.123,0.179,70.374,147.522,15.015
0.414,-1.021,0.137,90.149,135.925,46.082
0.407,-0.903,0.109,103.943,125.610,71.472
0.393,-0.790,0.092,111.145,116.333,86.609
0.380,-0.700,0.068,110.840,110.352,91.858
0.377,-0.635,0.025,105.225,108.521,90.027
0.372,-0.602,-0.024,97.107,108.032,84.290
0.359,-0.586,-0.068,90.698,105.286,77.454
0.336,-0.607,-0.106,89.111,99.731,70.984
0.313,-0.649,-0.133,90.942,94.666,65.918
0.286,-0.696,-0.161,93.201,91.492,63.904
0.263,-0.730,-0.193,93.811,88.440,66.711
0.249,-0.742,-0.235,93.323,85.144,74.158
0.253,-0.741,-0.281,93.018,81.848,84.167
0.290,-0.734,-0.287,94.177,75.073,95.947
0.260,-0.701,-0.272,96.130,61.768,108.215
0.256,-0.671,-0.223,98.450,47.119,122.498
0.243,-0.593,-0.168,101.501,34.363,138.428
0.218,-0.490,-0.121,106.873,26.062,154.053
0.597,1.023,1.071,90.759,1.770,-172.058
0.720,0.806,1.130,102.234,23.926,-219.666
0.800,0.532,1.169,82.825,37.231,-253.601
0.859,0.281,1.159,46.387,46.265,-269.226
0.872,0.117,1.142,12.024,55.481,-269.348
0.885,0.014,1.119,-6.653,65.796,-255.920
0.878,-0.005,1.097,-8.606,78.369,-231.689
0.871,0.030,1.051,2.502,93.079,-198.853
0.895,0.123,0.971,20.142,110.168,-167.480
0.923,0.228,0.911,36.865,120.972,-147.583
0.913,0.323,0.843,43.091,127.136,-142.395
0.965,0.343,0.794,38.452,134.949,-151.611
0.974,0.227,0.767,25.818,133.789,-171.387
0.967,0.026,0.737,5.432,136.353,-201.111
0.969,-0.190,0.713,-15.076,142.273,-224.731
0.952,-0.392,0.681,-27.527,146.362,-233.826
0.933,-0.552,0.614,-31.189,153.564,-229.309
0.953,-0.640,0.503,-28.503,163.147,-219.055
0.955,-0.645,0.380,-22.461,171.692,-206.848
0.929,-0.622,0.268,-16.113,172.546,-187.683
1.001,-0.662,0.196,-14.771,170.898,-161.316
1.035,-0.692,0.074,-22.888,160.767,-130.859
1.096,-0.705,0.017,-34.729,142.151,-106.812
1.124,-0.745,0.033,-44.617,123.535,-96.130
1.124,-0.771,0.082,-50.293,111.145,-95.581
1.092,-0.779,0.096,-48.035,111.694,-94.788
1.052,-0.772,0.082,-33.752,121.338,-89.050
1.008,-0.729,0.023,-11.292,135.803,-80.933
0.999,-0.677,-0.056,12.634,146.973,-72.021
1.009,-0.671,-0.159,32.104,145.569,-63.354
1.055,-0.724,-0.238,42.419,135.559,-60.913
1.081,-0.826,-0.257,39.063,119.263,-65.369
1.082,-0.947,-0.240,20.447,103.149,-71.777
1.057,-1.087,-0.216,-3.784,89.355,-75.012
1.042,-1.168,-0.186,-22.949,79.834,-79.956
0.983,-1.204,-0.109,-29.297,72.937,-83.862
0.931,-1.310,-0.062,-20.386,68.665,-67.078
0.852,-1.320,-0.040,-5.005,69.397,-42.542
0.798,-1.271,-0.040,15.686,73.059,-17.639
0.733,-1.208,-0.055,39.856,75.195,5.432
0.716,-1.158,-0.065,61.401,74.890,21.790
0.651,-1.130,-0.058,73.242,71.350,30.762
0.631,-1.140,-0.044,73.425,67.566,34.058
0.559,-1.153,-0.022,64.331,64.697,35.400
0.508,-1.177,-0.023,55.237,63.477,41.626
0.457,-1.197,-0.028,50.781,64.453,51.575
0.415,-1.203,-0.057,48.035,65.918,64.697
0.369,-1.183,-0.091,46.631,67.200,79.224
0.329,-1.116,-0.121,49.622,65.918,95.886
0.307,-1.045,-0.129,58.838,57.739,118.042
0.280,-0.943,-0.116,69.458,45.715,142.517
0.253,-0.818,-0.082,76.782,34.607,163.513
0.226,-0.697,-0.040,79.468,25.513,178.589
0.205,-0.592,-0.002,78.552,20.447,189.148
0.200,-0.485,0.028,74.341,19.348,196.472
0.185,-0.360,0.042,70.129,18.921,203.857
0.181,-0.249,0.048,71.533,18.372,210.144
0.180,-0.165,0.066,78.491,16.174,213.318
0.158,-0.098,0.089,85.510,14.343,213.928
0.139,-0.033,0.087,87.219,15.808,212.769
0.118,0.042,0.079,85.632,20.691,210.876
0.106,0.090,0.054,81.543,24.780,210.510
0.071,0.103,0.017,75.317,27.283,210.693
0.068,0.095,-0.032,67.322,28.198,209.900
0.063,0.125,-0.065,58.960,24.719,206.787
0.040,0.160,-0.048,54.260,13.977,206.787
0.017,0.206,0.009,53.406,1.953,213.501
-0.012,0.307,0.084,55.054,-5.615,223.328
-0.048,0.415,0.144,59.326,-8.606,236.816
-0.094,0.469,0.190,68.237,-3.967,256.165
-0.105,0.446,0.128,77.209,8.484,275.940
-0.143,0.739,0.055,85.999,23.132,258.789
-0.145,0.822,0.026,107.605,26.489,222.656
-0.153,0.797,0.039,128.418,22.461,185.181
-0.166,0.770,0.073,133.423,16.785,155.945
-0.164,0.767,0.084,125.427,9.888,144.592
-0.149,0.825,0.075,114.197,1.709,145.813
-0.104,0.884,0.098,108.093,-9.949,150.208
-0.076,0.921,0.150,105.408,-22.400,152.405
-0.041,0.916,0.188,99.609,-27.222,149.475
-0.034,0.883,0.216,89.600,-24.902,139.160
-0.017,0.820,0.237,77.576,-16.968,122.498
-0.061,0.760,0.251,66.895,-9.644,110.046
-0.107,0.764,0.250,63.538,-7.263,110.657
-0.197,0.834,0.241,72.937,-8.667,121.155
-0.234,0.917,0.217,93.018,-9.644,134.094
-0.213,0.988,0.163,111.633,-9.094,142.639
-0.180,1.048,0.101,119.263,-10.315,144.165
-0.160,1.091,0.074,116.333,-17.029,140.625
-0.140,1.117,0.082,106.018,-30.334,133.057
-0.138,1.136,0.129,92.224,-46.570,121.521
-0.149,1.148,0.212,79.834,-60.242,106.323
-0.163,1.145,0.314,73.181,-69.946,91.675
-0.167,1.152,0.403,73.608,-73.547,80.505
-0.164,1.177,0.468,81.482,-72.021,74.280
-0.156,1.219,0.501,94.727,-66.589,71.045
-0.134,1.247,0.509,109.741,-59.143,67.139
-0.123,1.251,0.521,121.704,-51.697,58.228
-0.131,1.256,0.530,125.610,-45.349,47.119
-0.164,1.283,0.524,122.131,-40.405,38.025
-0.187,1.320,0.506,116.394,-37.842,32.959
-0.211,1.360,0.487,112.549,-40.161,29.907
-0.209,1.378,0.499,110.229,-47.852,24.414
-0.230,1.382,0.546,105.774,-59.448,15.564
-0.215,1.380,0.591,96.863,-70.007,7.385
-0.196,1.410,0.627,87.219,-75.806,1.648
-0.169,1.459,0.660,81.604,-79.590,-1.160
-0.155,1.501,0.709,80.933,-85.449,-4.272
-0.143,1.519,0.763,80.444,-90.271,-11.780
-0.137,1.505,0.824,77.393,-91.309,-25.085
-0.139,1.455,0.876,70.801,-88.135,-43.030
-0.132,1.359,0.914,62.073,-82.886,-62.378
-0.130,1.244,0.936,52.856,-77.698,-79.102
-0.125,1.148,0.938,45.044,-73.669,-87.524
-0.094,1.102,0.903,41.687,-72.144,-85.266
-0.070,1.087,0.885,44.556,-72.815,-76.111
-0.075,1.103,0.892,48.035,-73.242,-64.331
-0.073,1.156,0.874,45.349,-70.740,-54.016
-0.062,1.264,0.823,36.194,-67.505,-47.485
1.121,-1.151,0.469,-28.992,117.493,-307.129
1.018,-1.391,0.711,-77.698,77.942,-288.635
1.003,-1.547,0.826,-121.765,63.538,-234.009
0.966,-1.506,0.857,-148.254,71.533,-176.331
0.945,-1.396,0.832,-136.658,89.233,-127.319
0.943,-1.290,0.780,-87.036,105.347,-91.370
0.955,-1.237,0.724,-19.958,117.065,-70.435
0.967,-1.222,0.662,34.302,125.977,-56.641
0.960,-1.194,0.580,57.373,134.521,-43.823
0.952,-1.155,0.485,53.406,140.198,-31.250
0.931,-1.107,0.396,36.011,141.052,-21.179
0.889,-1.064,0.342,16.052,136.414,-13.489
0.859,-1.022,0.291,0.000,130.615,-9.521
0.825,-1.003,0.247,-8.301,127.441,-6.775
0.789,-1.000,0.208,-8.240,125.977,-1.770
0.764,-0.989,0.147,-3.174,127.441,4.395
0.767,-0.958,0.081,5.127,129.822,14.221
0.778,-0.909,0.026,16.541,124.756,26.245
0.787,-0.855,-0.008,31.006,109.070,38.696
0.779,-0.804,0.026,45.532,89.172,49.927
0.770,-0.748,0.073,53.528,73.853,58.777
0.777,-0.701,0.113,52.856,66.528,64.758
0.749,-0.675,0.139,47.363,66.162,68.481
0.749,-0.645,0.142,39.917,73.547,68.848
0.711,-0.641,0.103,31.006,84.839,68.359
0.673,-0.642,0.034,24.719,93.933,71.716
0.647,-0.625,-0.039,23.437,100.098,76.477
0.639,-0.586,-0.097,27.893,101.807,82.886
0.638,-0.544,-0.159,36.499,93.140,91.125
0.630,-0.501,-0.168,47.485,79.407,98.511
0.619,-0.460,-0.156,54.932,65.186,102.966
0.621,-0.419,-0.150,55.908,55.725,103.943
0.605,-0.385,-0.144,52.429,49.438,101.746
0.597,-0.373,-0.147,47.058,45.593,96.619
0.551,-0.380,-0.152,42.236,44.067,91.309
0.555,-0.418,-0.180,39.673,45.471,86.792
0.527,-0.457,-0.193,39.429,45.044,84.900
0.525,-0.492,-0.192,40.405,41.504,88.074
0.505,-0.511,-0.172,40.894,35.583,96.924
0.499,-0.498,-0.157,38.635,31.189,109.497
0.495,-0.474,-0.135,35.278,24.780,123.108
0.491,-0.424,-0.103,32.288,17.822,135.315
0.496,-0.364,-0.050,30.640,10.742,145.996
0.458,-0.299,-0.012,30.151,4.944,156.677
0.457,-0.233,0.004,30.457,4.944,163.025
0.431,-0.192,0.021,32.715,6.714,165.405
0.416,-0.160,0.028,34.790,11.658,166.016
0.405,-0.130,0.029,35.278,16.968,165.894
0.373,-0.083,0.027,35.522,18.860,166.382
0.356,-0.029,0.032,37.598,19.165,169.434
0.325,0.023,0.031,42.908,18.677,173.401
0.301,0.073,0.035,50.537,19.836,175.964
0.268,0.079,0.042,59.631,21.729,179.077
0.229,0.057,0.044,67.139,24.475,181.519
0.191,0.036,0.022,71.350,30.884,181.641
0.150,0.013,-0.018,73.303,39.978,176.147
0.117,0.043,-0.088,75.378,45.959,165.283
0.066,0.044,-0.117,81.604,43.396,154.785
0.033,0.020,-0.105,90.637,32.837,155.396
-0.001,0.041,-0.042,96.802,18.250,165.222
-0.038,0.106,0.027,97.107,-1.282,182.800
-0.081,0.250,0.120,93.201,-17.456,204.346
-0.124,0.458,0.188,88.379,-24.536,224.060
-0.162,0.530,0.228,87.219,-23.437,242.920
-0.161,0.719,0.226,88.196,-15.076,245.850
-0.169,0.832,0.226,94.543,-9.033,234.253
-0.185,0.889,0.227,102.905,-4.761,216.736
-0.197,0.913,0.210,108.093,-0.061,197.205
-0.218,0.927,0.173,108.215,5.493,177.856
-0.212,0.913,0.123,106.018,9.216,160.767
-0.234,0.909,0.081,103.943,7.629,146.667
-0.252,0.918,0.052,103.394,1.282,136.292
-0.288,0.955,0.059,105.347,-8.118,128.662
-0.328,1.032,0.089,108.643,-19.897,124.146
-0.345,1.143,0.118,112.915,-29.480,123.657
-0.327,1.233,0.140,117.493,-37.659,124.329
-0.312,1.287,0.181,121.704,-47.119,121.887
-0.252,1.273,0.225,120.117,-55.786,111.877
-0.215,1.252,0.293,110.535,-64.392,91.187
-0.188,1.186,0.374,94.360,-70.374,67.932
-0.190,1.109,0.432,73.364,-71.472,51.208
-0.219,1.064,0.443,53.040,-66.711,45.898
-0.249,1.065,0.405,41.565,-58.899,51.270
-0.265,1.101,0.338,44.312,-53.223,60.242
-0.254,1.126,0.296,59.265,-53.650,65.979
-0.227,1.134,0.305,76.660,-64.087,66.284
-0.232,1.137,0.377,86.609,-80.078,64.453
-0.213,1.154,0.456,84.595,-94.971,63.843
-0.226,1.176,0.543,73.486,-107.239,63.354
-0.212,1.215,0.622,61.951,-116.333,62.622
-0.227,1.259,0.714,56.152,-123.657,61.035
-0.264,1.321,0.807,57.861,-126.099,56.702
-0.284,1.405,0.890,66.528,-121.155,51.270
-0.278,1.471,0.930,78.918,-110.229,46.631
-0.270,1.536,0.960,91.125,-97.656,39.124
-0.262,1.559,0.967,98.022,-86.670,26.855
-0.219,1.532,0.943,94.666,-76.843,9.521
-0.161,1.464,0.894,81.726,-69.946,-10.925
-0.122,1.356,0.846,61.096,-68.604,-31.189
-0.119,1.240,0.828,37.048,-73.364,-44.006
-0.130,1.147,0.844,15.381,-81.726,-45.471
-0.172,1.102,0.882,-0.427,-90.942,-37.292
-0.232,1.116,0.937,-8.423,-94.971,-23.621
-0.272,1.212,0.985,-7.751,-88.867,-8.301
-0.327,1.378,0.992,3.845,-74.158,10.193
-0.355,1.545,0.932,31.555,-57.678,26.855
-0.218,1.624,0.868,68.665,-49.561,19.348
-0.346,1.550,0.881,93.384,-51.880,-14.343
-0.282,1.450,0.791,88.135,-43.701,-63.660
-0.273,1.321,0.685,60.364,-38.086,-111.694
-0.268,1.172,0.686,25.513,-47.913,-145.752
-0.318,1.141,0.740,-2.380,-61.707,-151.062
-0.228,1.211,0.781,-8.423,-84.595,-139.282
-0.147,1.217,0.902,13.184,-116.150,-141.296
-0.080,1.104,1.082,45.715,-136.292,-170.349
-0.094,0.923,1.192,69.275,-137.207,-206.116
-0.022,0.751,1.259,80.261,-126.282,-228.455
0.063,0.588,1.295,80.933,-106.384,-241.516
0.138,0.434,1.295,73.303,-82.703,-248.779
-0.482,1.691,0.330,156.738,-10.376,126.221
-0.456,1.705,0.264,172.729,-10.071,94.910
-0.411,1.666,0.215,178.589,-13.855,63.538
-0.348,1.578,0.200,172.913,-24.780,34.912
-0.253,1.464,0.225,154.480,-42.480,10.681
-0.287,1.353,0.293,125.977,-63.660,-5.432
-0.220,1.251,0.352,94.604,-81.787,-15.442
-0.216,1.172,0.447,71.228,-101.379,-18.555
-0.246,1.128,0.556,60.913,-120.728,-15.015
-0.261,1.153,0.669,63.477,-134.644,-7.324
-0.282,1.226,0.768,75.989,-144.104,4.211
-0.331,1.352,0.854,95.825,-146.301,17.395
-0.285,1.466,0.915,119.019,-140.320,30.396
-0.224,1.535,0.974,141.296,-133.362,37.476
-0.190,1.564,1.038,156.982,-128.906,30.396
-0.152,1.526,1.105,159.973,-123.535,11.108
-0.130,1.434,1.155,145.935,-116.638,-15.259
-0.104,1.306,1.177,116.150,-106.445,-44.983
-0.116,1.168,1.165,75.256,-97.046,-69.885
-0.102,1.059,1.122,33.264,-93.079,-83.008
-0.059,0.977,1.055,1.770,-94.238,-83.130
-0.033,0.933,1.022,-14.709,-99.304,-74.402
-0.031,0.922,1.033,-17.944,-108.826,-60.242
-0.018,0.937,1.062,-12.817,-116.882,-45.044
0.006,0.968,1.091,-2.808,-116.150,-34.912
0.037,1.005,1.121,10.010,-105.591,-33.264
-0.007,1.037,1.145,23.254,-88.989,-37.842
0.001,1.079,1.147,36.804,-69.214,-43.457
-0.011,1.106,1.160,52.368,-52.795,-47.119
-0.049,1.128,1.121,70.923,-40.649,-52.368
0.022,1.112,1.069,89.172,-20.264,-70.801
0.049,1.048,1.008,101.440,-1.587,-98.694
0.060,0.960,0.941,102.234,10.742,-126.343
0.146,0.860,0.855,89.294,23.804,-150.452
0.087,0.737,0.794,65.857,30.334,-164.124
0.120,0.653,0.705,38.757,36.316,-171.143
0.114,0.604,0.637,16.663,36.621,-173.462
0.149,0.583,0.601,5.432,26.123,-169.983
0.168,0.567,0.598,5.005,12.146,-159.973
0.193,0.569,0.612,13.428,-0.305,-147.705
0.236,0.575,0.651,26.184,-9.338,-138.916
0.251,0.583,0.708,37.720,-16.235,-134.277
0.224,0.593,0.742,45.105,-17.456,-134.094
0.301,0.592,0.773,48.279,-12.878,-139.587
0.329,0.578,0.805,47.485,-9.155,-145.935
0.302,0.565,0.820,41.809,-0.244,-154.053
0.341,0.570,0.803,35.645,10.559,-160.095
0.339,0.569,0.827,33.325,15.808,-161.682
0.327,0.573,0.830,32.043,23.254,-164.612
0.359,0.569,0.808,32.349,34.668,-170.166
0.388,0.549,0.798,36.499,41.382,-177.429
0.418,0.504,0.795,41.687,44.556,-188.477
0.458,0.433,0.805,47.058,48.889,-200.317
0.485,0.347,0.797,50.781,53.711,-207.947
0.499,0.272,0.782,52.307,61.035,-210.999
0.525,0.204,0.762,50.781,66.101,-208.740
0.567,0.166,0.749,47.119,66.162,-201.050
0.549,0.173,0.734,43.457,62.988,-190.125
0.595,0.183,0.722,41.260,60.852,-179.504
0.572,0.217,0.724,40.649,55.237,-170.776
0.602,0.261,0.713,41.626,50.171,-167.786
0.651,0.298,0.738,44.250,45.471,-168.457
0.591,0.317,0.752,45.959,41.016,-174.622
0.631,0.312,0.764,46.082,46.509,-191.406
0.599,0.258,0.773,44.922,49.255,-209.351
0.605,0.197,0.790,40.833,49.316,-225.586
0.615,0.161,0.816,34.424,46.509,-240.723
0.594,0.106,0.853,26.489,40.955,-252.075
0.577,0.045,0.888,15.930,35.034,-260.864
0.586,-0.033,0.908,2.197,31.311,-268.433
0.555,-0.130,0.926,-15.015,33.081,-275.818
0.563,-0.278,0.920,-35.645,38.025,-284.485
0.575,-0.438,0.910,-57.983,41.138,-294.250
0.567,-0.623,0.888,-80.994,39.490,-303.894
0.612,-0.728,0.869,-103.333,34.180,-314.758
0.601,-0.727,0.953,-117.554,28.625,-318.604
0.588,-0.774,0.988,-123.718,23.804,-291.687
0.601,-0.798,1.013,-126.038,26.184,-247.498
0.492,-0.710,0.998,-120.300,34.546,-202.698
0.706,-0.620,0.956,-98.816,46.753,-169.556
0.644,-0.585,0.982,-61.707,48.218,-144.836
0.629,-0.572,0.992,-22.705,57.068,-128.418
0.653,-0.584,0.962,8.789,79.163,-116.394
0.694,-0.604,0.892,29.358,101.746,-107.788
0.689,-0.644,0.819,39.795,115.234,-102.173
0.706,-0.681,0.738,39.429,126.892,-100.037
0.741,-0.717,0.657,29.663,132.019,-97.839
0.758,-0.736,0.604,14.282,128.235,-92.468
0.736,-0.725,0.560,-3.296,118.286,-83.740
0.717,-0.679,0.537,-18.127,106.384,-73.669
0.711,-0.661,0.538,-25.574,93.140,-63.843
0.720,-0.646,0.558,-27.222,81.665,-57.190
0.720,-0.647,0.599,-26.855,70.923,-51.453
0.724,-0.681,0.635,-28.992,64.270,-48.889
0.747,-0.706,0.666,-35.706,64.026,-51.636
0.729,-0.750,0.689,-44.006,68.237,-56.702
0.703,-0.784,0.676,-51.453,79.224,-62.317
0.688,-0.812,0.597,-54.565,93.262,-68.604
0.725,-0.799,0.537,-46.814,106.384,-75.012
0.699,-0.853,0.515,-29.114,107.178,-75.500
0.698,-0.904,0.501,-6.409,102.661,-71.228
0.709,-0.962,0.493,21.362,98.633,-57.129
0.701,-1.001,0.498,52.429,93.445,-36.072
0.707,-1.019,0.501,78.064,89.905,-15.686
0.705,-1.008,0.490,92.651,92.957,0.000
0.689,-0.976,0.443,95.154,100.159,12.512
0.702,-0.920,0.375,89.600,106.750,24.353
0.690,-0.856,0.300,81.299,108.948,34.607
0.706,-0.808,0.240,73.181,104.858,41.992
0.736,-0.786,0.219,65.369,93.750,45.288
0.722,-0.776,0.239,55.908,79.834,47.180
0.722,-0.783,0.281,43.762,70.251,48.462
0.725,-0.781,0.333,30.457,65.796,49.438
0.717,-0.782,0.378,20.020,64.880,50.232
0.669,-0.788,0.404,16.235,68.970,48.401
0.657,-0.817,0.395,18.982,79.834,43.335
0.630,-0.839,0.350,26.428,94.177,39.612
0.613,-0.848,0.283,37.903,107.666,40.588
0.605,-0.862,0.185,50.598,116.089,45.410
-0.308,2.080,0.394,126.770,-83.984,48.157
-0.270,2.150,0.419,150.024,-81.055,39.063
-0.215,2.155,0.429,162.048,-78.918,16.541
-0.131,2.051,0.447,158.508,-80.383,-16.663
-0.064,1.894,0.480,136.597,-86.121,-57.678
-0.035,1.685,0.521,101.318,-93.994,-95.276
-0.003,1.488,0.554,63.538,-102.478,-120.911
0.005,1.327,0.605,36.194,-110.901,-132.568
0.035,1.186,0.623,25.269,-114.990,-132.263
0.068,1.072,0.666,28.076,-110.168,-126.648
0.082,0.976,0.679,36.926,-102.234,-115.356
0.101,0.932,0.673,46.631,-91.614,-98.999
0.135,0.932,0.640,55.176,-80.627,-79.041
0.149,0.977,0.588,59.082,-71.960,-58.350
0.200,1.023,0.521,56.335,-65.063,-42.664
0.231,1.054,0.469,46.631,-64.941,-37.842
0.242,1.067,0.446,30.884,-72.815,-43.701
0.245,1.062,0.462,12.268,-84.778,-54.626
0.243,1.040,0.509,-4.395,-95.520,-65.369
0.254,1.032,0.540,-15.930,-101.563,-73.853
0.290,1.023,0.566,-17.029,-102.295,-82.703
0.321,1.010,0.605,-7.996,-100.037,-92.468
0.342,0.996,0.646,3.845,-93.750,-101.685
0.363,0.971,0.664,10.742,-82.947,-107.422
0.385,0.938,0.655,10.864,-69.519,-111.572
0.398,0.904,0.627,6.226,-56.152,-116.455
0.401,0.874,0.588,1.587,-45.593,-122.375
0.416,0.840,0.549,-0.244,-37.903,-127.258
0.426,0.817,0.513,0.610,-32.043,-129.822
0.415,0.825,0.465,3.174,-26.489,-129.883
0.416,0.805,0.412,9.277,-22.888,-126.526
0.457,0.783,0.382,16.602,-22.278,-123.535
0.437,0.772,0.360,18.188,-21.729,-126.160
0.450,0.739,0.351,14.587,-24.170,-129.272
0.452,0.691,0.350,6.775,-28.259,-130.188
0.470,0.666,0.334,-4.028,-32.898,-129.700
0.443,0.607,0.345,-12.634,-40.405,-126.099
0.505,0.573,0.394,-18.372,-49.805,-121.399
0.504,0.602,0.468,-27.283,-56.152,-119.324
0.556,0.657,0.530,-35.034,-60.608,-113.281
0.564,0.674,0.592,-38.391,-63.049,-105.286
0.637,0.663,0.644,-38.025,-62.683,-106.018
0.625,0.621,0.693,-37.354,-57.983,-117.004
0.659,0.504,0.715,-36.560,-47.668,-129.089
0.683,0.383,0.703,-35.400,-32.471,-138.733
0.687,0.298,0.676,-33.813,-14.526,-143.738
0.712,0.262,0.640,-28.625,-2.197,-138.184
0.720,0.270,0.595,-18.982,6.042,-124.573
0.711,0.349,0.558,-6.165,11.658,-106.140
0.732,0.478,0.530,9.705,13.245,-86.792
0.742,0.613,0.517,23.987,14.954,-74.158
0.766,0.717,0.512,33.447,16.541,-71.350
0.800,0.760,0.516,36.072,17.090,-77.881
0.826,0.729,0.520,31.067,17.456,-91.248
0.908,0.649,0.529,21.301,16.724,-107.239
0.908,0.565,0.556,8.057,16.541,-117.004
1.031,0.510,0.572,-5.615,14.648,-112.732
1.020,0.506,0.613,-16.907,10.986,-98.938
1.086,0.549,0.642,-20.264,9.766,-84.106
1.107,0.632,0.690,-14.954,10.132,-68.359
1.128,0.724,0.734,-4.822,12.329,-56.091
1.094,0.815,0.756,5.127,19.897,-48.462
1.132,0.875,0.729,11.108,33.813,-46.692
1.171,0.914,0.694,12.634,45.288,-53.284
1.189,0.907,0.687,9.827,48.157,-65.552
1.168,0.856,0.708,1.282,46.509,-80.139
1.137,0.771,0.730,-11.719,46.936,-94.543
1.099,0.678,0.725,-24.231,50.232,-105.652
1.114,0.565,0.700,-32.166,55.298,-112.732
1.096,0.452,0.682,-34.912,58.655,-117.859
1.079,0.356,0.664,-35.645,62.927,-120.483
1.067,0.268,0.628,-35.828,69.580,-118.652
1.057,0.179,0.585,-36.926,75.684,-114.502
1.038,0.084,0.540,-40.161,80.688,-110.657
1.032,-0.012,0.490,-46.692,86.243,-107.544
0.996,-0.072,0.448,-52.795,90.576,-103.943
0.971,-0.125,0.399,-56.213,92.468,-96.741
0.934,-0.151,0.361,-54.138,92.468,-87.402
0.932,-0.172,0.330,-46.143,90.881,-78.491
0.923,-0.196,0.298,-36.133,88.318,-69.275
0.927,-0.204,0.277,-26.794,85.815,-62.622
0.941,-0.214,0.256,-20.203,82.581,-55.847
0.954,-0.225,0.250,-16.724,78.247,-50.232
0.978,-0.255,0.237,-17.273,74.158,-45.044
1.007,-0.291,0.224,-19.958,72.937,-41.626
1.043,-0.328,0.203,-23.926,73.120,-38.025
1.071,-0.351,0.186,-26.733,73.181,-32.898
1.080,-0.348,0.164,-26.245,73.669,-23.682
1.063,-0.329,0.162,-19.653,74.402,-13.123
1.014,-0.304,0.161,-9.583,74.829,-2.747
0.982,-0.272,0.165,1.038,77.515,4.578
0.941,-0.245,0.168,8.423,80.200,10.742
0.915,-0.224,0.155,10.315,83.374,13.611
0.887,-0.227,0.139,9.094,84.534,11.047
0.858,-0.275,0.138,6.470,82.275,4.211
0.845,-0.357,0.163,1.587,78.857,-3.723
0.816,-0.449,0.199,-5.859,73.547,-9.521
0.770,-0.529,0.232,-13.916,69.275,-11.963
0.750,-0.597,0.246,-19.226,67.749,-13.000
0.690,-0.592,0.271,-20.264,64.880,-15.808
0.596,-0.506,0.273,-14.404,65.796,-15.869
0.522,-0.461,0.346,-0.305,76.233,-2.869
0.473,-0.454,0.301,17.029,86.609,32.837
0.455,-0.365,0.215,34.973,97.473,70.984
0.428,-0.213,0.132,55.542,102.234,100.647
0.427,-0.069,0.070,77.576,99.609,121.033
0.411,0.047,0.056,95.825,91.553,134.277
0.406,0.129,0.064,101.746,86.975,148.560
0.341,0.117,0.077,92.712,85.083,169.434
0.416,0.354,-0.000,75.073,85.205,177.368
0.293,0.579,-0.008,65.796,78.979,168.274
0.291,0.743,-0.024,70.129,72.510,163.147
0.303,0.884,-0.040,79.041,68.115,155.090
0.278,0.997,-0.034,88.440,62.500,144.165
0.308,1.045,-0.043,93.567,58.533,130.859
0.361,1.057,-0.063,89.905,55.298,112.305
0.389,1.034,-0.081,76.843,51.575,87.646
0.423,0.982,-0.106,56.152,47.791,59.204
0.450,0.910,-0.123,32.715,44.067,32.593
